"Time","data"
0,7,0.00110806,0,0
0.002,7,0.966832,-0.0203601,0.00306796
0.004,7,0.92261,-0.0203601,0.00613592
0.006,7,0.903773,-0.0203601,0.00613592
0.008,7,0.898736,-0.0203601,0.0122718
0.01,7,0.894405,0,0.0184078
0.012,7,0.891484,0,0.0245437
0.014,7,0.888462,2.52191,0.0306796
0.016,7,0.886346,3.64279,0.0398835
0.018,7,0.879899,3.64279,0.0490874
0.02,7,0.879194,4.47551,0.0613592
0.022,7,0.874863,5.19431,0.0736311
0.024,7,0.872647,5.77253,0.0859029
0.026,7,0.870934,6.28886,0.0981748
0.028,7,0.868516,7.18329,0.113515
0.03,7,0.866804,7.57833,0.128854
0.032,7,0.864084,7.90556,0.147262
0.034,7,0.859148,8.5934,0.162602
0.036,7,0.85522,8.85743,0.18101
0.038,7,0.854615,9.45544,0.202485
0.04,7,0.851291,9.67387,0.220893
0.042,7,0.849377,10.1671,0.242369
0.044,7,0.846658,10.6279,0.263845
0.046,7,0.843333,10.96,0.28532
0.048,7,0.847665,11.206,0.306796
0.05,7,0.840714,11.4291,0.33134
0.052,7,0.841319,11.6625,0.355884
0.054,7,0.840815,11.9859,0.377359
0.056,7,0.839304,12.2513,0.401903
0.058,7,0.837088,12.3254,0.426447
0.06,7,0.836484,12.5187,0.454058
0.062,7,0.838196,12.6423,0.478602
0.064,7,0.835073,12.7642,0.503146
0.066,7,0.835375,12.8947,0.530757
0.068,7,0.831044,12.9672,0.555301
0.07,7,0.876273,13.0691,0.582913
0.072,7,0.833059,13.0723,0.607456
0.074,7,0.832857,13.0236,0.635068
0.076,7,0.831648,13.0756,0.659612
0.078,7,0.83467,13.0463,0.687223
0.08,7,0.834771,13.0706,0.711767
0.082,7,0.834368,13.0611,0.739379
0.084,7,0.83326,13.0075,0.763922
0.086,7,0.836584,12.9989,0.791534
0.088,7,0.835778,12.9613,0.816078
0.09,7,0.83739,12.9072,0.840621
0.092,7,0.839103,12.9344,0.868233
0.094,7,0.836987,12.9329,0.892777
0.096,7,0.836987,12.8238,0.920388
0.098,7,0.837088,12.8283,0.944932
0.1,0,0.835476,12.7706,0.969476
0.102,0,-0.0717216,11.9316,0.99402
0.104,0,-0.0694048,12.6976,1.01856
0.106,0,-0.0675916,12.2387,1.04311
0.108,0,-0.0678938,11.8392,1.06765
0.11,0,-0.0670879,11.6313,1.08913
0.112,0,-0.0658791,11.4179,1.11367
0.114,0,-0.0643681,11.1856,1.13821
0.116,0,-0.0658791,10.9762,1.15969
0.118,0,-0.0627564,10.9028,1.18117
0.12,0,-0.0614469,10.614,1.20264
0.122,0,-0.0599359,10.3845,1.22412
0.124,0,-0.0598352,10.2813,1.24252
0.126,0,-0.0600366,10.0879,1.264
0.128,0,-0.0584249,9.92489,1.28241
0.13,0,-0.057619,9.82577,1.30388
0.132,0,-0.0570147,9.68373,1.32229
0.134,0,-0.0560073,9.56828,1.3407
0.136,0,-0.0548993,9.43998,1.35911
0.138,0,-0.0532875,9.35631,1.37751
0.14,0,-0.0532875,9.1989,1.39592
0.142,0,-0.0526832,9.11379,1.41433
0.144,0,-0.0537912,8.9601,1.43274
0.146,0,-0.0515751,8.87469,1.45115
0.148,0,-0.0513736,8.74842,1.46649
0.15,0,-0.0510714,8.64654,1.48489
0.152,0,-0.0505678,8.58054,1.5033
0.154,0,-0.050467,8.47633,1.51864
0.156,0,-0.0495604,8.43893,1.53398
0.158,0,-0.0484524,8.29358,1.55239
0.16,0,-0.0485531,8.26449,1.56773
0.162,0,-0.0482509,8.19375,1.58307
0.164,0,-0.0479487,8.08282,1.60148
0.166,0,-0.0472436,8.05459,1.61682
0.168,0,-0.0473443,7.99302,1.63216
0.17,0,-0.0466392,7.94816,1.6475
0.172,0,-0.0464377,7.89158,1.66284
0.174,0,-0.046337,7.84617,1.67817
0.176,0,-0.0450275,7.81791,1.69658
0.178,0,-0.0451282,7.74656,1.71192
0.18,0,-0.0479487,7.72084,1.72726
0.182,0,-0.0460348,7.68558,1.7426
0.184,0,-0.0453297,7.66638,1.75794
0.186,0,-0.0453297,7.6075,1.77328
0.188,0,-0.0458333,7.59285,1.78555
0.19,0,-0.044826,7.56821,1.80089
0.192,0,-0.0446245,7.53355,1.81623
0.194,0,-0.0442216,7.51555,1.83157
0.196,0,-0.0444231,7.44789,1.84691
0.198,0,-0.0435165,7.41999,1.86225
0.2,0,-0.0437179,7.37922,1.87759
0.202,0,-0.0427106,7.37331,1.88986
0.204,0,-0.0437179,7.34951,1.9052
0.206,0,-0.0429121,7.30002,1.92054
0.208,0,-0.0431136,7.25465,1.93588
0.21,0,-0.0423077,7.23067,1.94816
0.212,0,-0.0417033,7.20637,1.9635
0.214,0,-0.0417033,7.18814,1.97884
0.216,0,-0.0444231,7.14102,1.99111
0.218,0,-0.0423077,7.09196,2.00645
0.22,0,-0.0415018,7.056,2.01872
0.222,0,-0.041804,7.02838,2.03406
0.224,0,-0.0409982,6.98289,2.0494
0.226,0,-0.0416026,6.95497,2.06167
0.228,0,-0.0409982,6.93325,2.07701
0.23,0,-0.0415018,6.88312,2.08928
0.232,0,-0.0404945,6.8424,2.10462
0.234,0,-0.0408974,6.78607,2.11689
0.236,0,-0.0401923,6.73974,2.12917
0.238,0,-0.0403938,6.72246,2.14451
0.24,0,-0.0394872,6.65496,2.15678
0.242,0,-0.0382784,6.61238,2.16905
0.244,0,-0.0389835,6.56839,2.18132
0.246,0,-0.0384799,6.51329,2.19666
0.248,0,-0.0379762,6.45759,2.20893
0.25,0,-0.0375733,6.40377,2.2212
0.252,0,-0.0369689,6.35134,2.23348
0.254,0,-0.0368681,6.28149,2.24575
0.256,0,-0.0355586,6.21875,2.25802
0.258,0,-0.0350549,6.15074,2.27029
0.26,0,-0.0353571,6.07697,2.28256
0.262,0,-0.0347527,6.00547,2.29484
0.264,0,-0.0364652,5.92251,2.30711
0.266,0,-0.0336447,5.85307,2.31631
0.268,0,-0.033544,5.77069,2.32858
0.27,0,-0.0334432,5.6736,2.34085
0.272,0,-0.0324359,5.57554,2.35006
0.274,0,-0.0319322,5.50221,2.36233
0.276,0,-0.0040293,5.393,2.3654
0.278,0,0.00775641,2.87175,2.36847
0.28,0,0.0193407,3.29798,2.36233
0.282,0,0.015815,-3.08942,2.35619
0.284,0,0.0324359,-2.96789,2.34699
0.286,0,0.0160165,-3.80368,2.33779
0.288,0,0.0291117,-3.6554,2.33165
0.29,0,0.0157143,-4.229,2.32551
0.292,0,0.0169231,-3.34816,2.31938
0.294,0,0.0184341,-3.07256,2.31324
0.296,0,0.0202473,-3.07256,2.30711
0.298,0,0.0211538,-2.94143,2.30097
0.3,0,0.0211538,-2.94143,2.29484
0.302,0,0.0234707,-2.99541,2.2887
0.304,0,0.024881,-3.616,2.2795
0.306,0,0.0256868,-3.616,2.27336
0.308,0,0.0263919,-4.01723,2.26416
0.31,0,0.0289103,-4.2639,2.25495
0.312,0,0.0292125,-4.2639,2.24575
0.314,0,0.0299176,-4.603,2.23654
0.316,0,0.0318315,-4.82463,2.22427
0.318,0,0.0337454,-5.04896,2.21507
0.32,0,0.0364652,-5.39093,2.2028
0.322,0,0.0386813,-5.8332,2.19052
0.324,0,0.0405952,-6.24376,2.17825
0.326,0,0.041804,-6.55465,2.16291
0.328,0,0.0445238,-6.84951,2.14757
0.33,0,0.0471429,-7.51331,2.13223
0.332,0,0.049359,-7.83414,2.11689
0.334,0,0.051978,-8.10751,2.10155
0.336,0,0.0535897,-8.58563,2.08315
0.338,0,0.0554029,-8.81229,2.06474
0.34,0,0.0578205,-9.40151,2.04633
0.342,0,0.0596337,-9.69521,2.02792
0.344,0,0.062152,-10.269,2.00645
0.346,0,0.0653755,-10.8045,1.98497
0.348,0,0.0680952,-11.3216,1.96043
0.35,0,0.0699084,-11.5489,1.93588
0.352,0,0.0733333,-12.0549,1.91134
0.354,0,0.0761538,-12.7312,1.88373
0.356,0,0.0788736,-13.139,1.85918
0.358,0,0.0819963,-13.549,1.83157
0.36,0,0.0822985,-13.9211,1.80396
0.362,0,0.0848168,-14.3558,1.77328
0.364,0,0.08663,-14.5872,1.74567
0.366,0,0.0874359,-14.7439,1.71499
0.368,0,0.0869322,-14.876,1.68431
0.37,0,0.0873352,-14.8605,1.6567
0.372,0,0.08663,-14.726,1.62602
0.374,0,0.0859249,-14.5641,1.59841
0.376,0,0.0828022,-14.3105,1.56773
0.378,0,0.0810897,-13.8482,1.54012
0.38,0,0.0789744,-13.5275,1.51557
0.382,0,0.0760531,-13.0725,1.48796
0.384,0,0.0732326,-12.6281,1.46342
0.386,0,0.0704121,-12.1503,1.43887
0.388,0,0.0671886,-11.6368,1.4174
0.39,0,0.0638645,-11.1014,1.39285
0.392,0,0.0620513,-10.8852,1.37138
0.394,0,0.0592308,-10.3922,1.35297
0.396,0,0.0575183,-9.87751,1.3315
0.398,0,0.0548993,-9.58405,1.31309
0.4,0,0.0513736,-8.9406,1.29468
0.402,0,0.049359,-8.63547,1.27934
0.404,0,0.0480495,-8.36471,1.264
0.406,0,0.0452289,-7.91172,1.24866
0.408,0,0.0431136,-7.58308,1.23332
0.41,0,0.0404945,-7.28402,1.21798
0.412,0,0.0398901,-6.97842,1.20571
0.414,0,0.0377747,-6.70054,1.19344
0.416,0,0.0363645,-6.41619,1.18117
0.418,0,0.0341484,-6.13827,1.16889
0.42,0,0.0348535,-5.84664,1.15662
0.422,0,0.0345513,-5.51957,1.14742
0.424,0,0.0300183,-5.31121,1.13515
0.426,0,0.0293132,-5.31121,1.12594
0.428,0,0.0280037,-5.07311,1.11674
0.43,0,0.0279029,-4.79968,1.10753
0.432,0,0.0267949,-4.55124,1.09833
0.434,0,0.0250824,-4.55124,1.08913
0.436,0,0.0239744,-4.29858,1.08299
0.438,0,0.0237729,-4.10049,1.07379
0.44,0,0.0228663,-4.10049,1.06765
0.442,0,0.0227656,-3.86914,1.05845
0.444,0,0.0221612,-3.86914,1.05231
0.446,0,0.0199451,-3.66081,1.04617
0.448,0,0.020348,-3.41838,1.04004
0.45,0,0.0200458,-3.4771,1.03084
0.452,0,0.0190385,-3.30242,1.0247
0.454,0,0.0192399,-3.30242,1.01856
0.456,0,0.0184341,-3.12742,1.01243
0.458,0,0.0174267,-3.12742,1.00936
0.46,0,0.0172253,-2.96793,1.00322
0.462,0,0.0172253,-2.97242,0.997088
0.464,0,0.0165201,-2.97242,0.990952
0.466,0,0.0159158,-2.82237,0.984816
0.468,0,0.0164194,-2.82237,0.981748
0.47,0,0.0161172,-2.67748,0.975612
0.472,0,0.0155128,-2.67748,0.969476
0.474,0,0.0159158,-2.5814,0.966408
0.476,0,0.0154121,-2.55171,0.960272
0.478,0,0.0151099,-2.55171,0.957204
0.48,0,0.0133974,-2.44815,0.951068
0.482,0,0.014707,-2.44815,0.948
0.484,0,0.0146062,-2.44815,0.941864
0.486,0,0.0136996,-2.35989,0.935728
0.488,0,0.0140018,-2.35989,0.93266
0.49,0,0.0145055,-2.3025,0.926524
0.492,0,0.014304,-2.3025,0.923456
0.494,0,0.0139011,-2.3025,0.920388
0.496,0,0.014304,-2.27113,0.914253
0.498,0,0.0142033,-2.27113,0.911185
0.5,0,0.014304,-2.27113,0.905049
0.502,0,0.0141026,-2.26909,0.901981
0.504,0,0.0146062,-2.26909,0.895845
0.506,0,0.0144048,-2.26909,0.892777
0.508,0,0.0141026,-2.27068,0.886641
0.51,0,0.0146062,-2.27068,0.883573
0.512,0,0.0144048,-2.29009,0.877437
0.514,0,0.0149084,-2.29009,0.874369
0.516,0,0.0151099,-2.29009,0.868233
0.518,0,0.0152106,-2.3084,0.865165
0.52,0,0.0151099,-2.3084,0.859029
0.522,0,0.0163187,-2.32446,0.852893
0.524,0,0.0152106,-2.32446,0.849825
0.526,0,0.014707,-2.32446,0.843689
0.528,0,0.0153114,-2.35034,0.840621
0.53,0,0.0144048,-2.35034,0.834486
0.532,0,0.0155128,-2.35034,0.831418
0.534,0,0.014707,-2.37004,0.825282
0.536,0,0.0156136,-2.37004,0.822214
0.538,0,0.0151099,-2.40617,0.816078
0.54,0,0.0148077,-2.40617,0.81301
0.542,0,0.0157143,-2.40617,0.806874
0.544,0,0.0159158,-2.43711,0.800738
0.546,0,0.0159158,-2.43711,0.79767
0.548,0,0.0157143,-2.47063,0.791534
0.55,0,0.0157143,-2.47063,0.785398
0.552,0,0.0155128,-2.47063,0.78233
0.554,0,0.0159158,-2.50538,0.776194
0.556,0,0.0159158,-2.50538,0.770058
0.558,0,0.0157143,-2.52961,0.76699
0.56,0,0.0161172,-2.52961,0.760854
0.562,0,0.0161172,-2.53792,0.754719
0.564,0,0.0156136,-2.53792,0.751651
0.566,0,0.0159158,-2.53792,0.745515
0.568,0,0.0156136,-2.53805,0.739379
0.57,0,0.0157143,-2.53805,0.736311
0.572,0,0.0159158,-2.52436,0.730175
0.574,0,0.015815,-2.52436,0.727107
0.576,0,0.0153114,-2.52436,0.720971
0.578,0,0.0149084,-2.48876,0.714835
0.58,0,0.0156136,-2.48876,0.711767
0.582,0,0.0150092,-2.44291,0.705631
0.584,0,0.0150092,-2.44291,0.702563
0.586,0,0.0149084,-2.44291,0.696427
0.588,0,0.0144048,-2.39479,0.693359
0.59,0,0.0140018,-2.39479,0.687223
0.592,0,0.0140018,-2.39148,0.684155
0.594,0,0.0140018,-2.31887,0.67802
0.596,0,0.0138004,-2.31887,0.674952
0.598,0,0.0139011,-2.22744,0.668816
0.6,0,0.0129945,-2.22744,0.665748
0.602,0,0.0128938,-2.22744,0.66268
0.604,0,0.0123901,-2.12018,0.656544
0.606,0,0.0123901,-2.12018,0.653476
0.608,0,0.0117857,-2.12018,0.650408
0.61,0,0.0106777,-1.99879,0.64734
0.612,0,0.0105769,-1.96295,0.644272
0.614,0,0.00987179,-1.96295,0.641204
0.616,0,0.00967033,-1.96295,0.638136
0.618,0,0.00946886,-1.62039,0.635068
0.62,0,0.00846154,-1.74516,0.632
0.622,0,0.00815934,-1.74516,0.628932
0.624,0,0.00745421,-1.74516,0.625864
0.626,0,0.00684982,-1.54048,0.622796
0.628,0,0.00574176,-1.23068,0.622796
0.63,0,0.00604396,-1.42017,0.619728
0.632,0,0.0046337,-1.42017,0.619728
0.634,0,0.00352564,-1.42017,0.61666
0.636,0,0.00362637,-1.42017,0.61666
0.638,0,0.00261905,-1.27013,0.61666
0.64,0,0.00171245,-1.05198,0.61666
0.642,0,0.000100733,-0.898426,0.61666
0.644,0,-0.00040293,-0.783277,0.61666
0.646,0,-0.00110806,-0.694874,0.61666
0.648,0,-0.00271978,-0.624146,0.61666
0.65,0,-0.00423077,-0.566439,0.619728
0.652,0,-0.00644689,-0.518538,0.619728
0.654,0,-0.00684982,0.4782,0.622796
0.656,0,-0.00886447,0.443628,0.625864
0.658,0,-0.00977106,0.403866,0.628932
0.66,0,-0.011685,0.403866,0.632
0.662,0,-0.0136996,0.403866,0.635068
0.664,0,-0.0150092,1.59999,0.641204
0.666,0,-0.0166209,1.59999,0.64734
0.668,0,-0.0185348,2.44883,0.653476
0.67,0,-0.0207509,2.44883,0.659612
0.672,0,-0.0223626,3.13886,0.665748
0.674,0,-0.0245788,3.13886,0.674952
0.676,0,-0.0265934,3.72617,0.681087
0.678,0,-0.0286081,4.25478,0.693359
0.68,0,-0.0310256,4.7459,0.702563
0.682,0,-0.0334432,4.7459,0.711767
0.684,0,-0.0351557,5.19877,0.724039
0.686,0,-0.0365659,5.59843,0.736311
0.688,0,-0.0374725,5.95303,0.748583
0.69,0,-0.0393864,6.45665,0.763922
0.692,0,-0.0399908,6.63473,0.776194
0.694,0,-0.0405952,6.76047,0.788466
0.696,0,-0.0411996,6.83668,0.803806
0.698,0,-0.0400916,6.88962,0.816078
0.7,0,-0.0394872,6.85887,0.831418
0.702,0,-0.0385806,6.74411,0.843689
0.704,0,-0.040293,6.59634,0.855961
0.706,0,-0.0349542,6.37384,0.868233
0.708,0,-0.0333425,6.10506,0.880505
0.71,0,-0.0312271,5.78512,0.889709
0.712,0,-0.0288095,5.3611,0.901981
0.714,0,-0.0266941,4.91286,0.911185
0.716,0,-0.024478,4.91286,0.917321
0.718,0,-0.0227656,4.42173,0.926524
0.72,0,-0.0207509,3.92249,0.93266
0.722,0,-0.0184341,3.93348,0.938796
0.724,0,-0.0165201,3.24218,0.944932
0.726,0,-0.0144048,3.35972,0.951068
0.728,0,-0.0124908,3.30314,0.954136
0.73,0,-0.0113828,2.59178,0.960272
0.732,0,-0.00967033,2.59178,0.96334
0.734,0,-0.00805861,2.59178,0.96334
0.736,0,-0.00624542,2.00718,0.966408
0.738,0,-0.00352564,1.5131,0.969476
0.74,0,-0.00312271,1.21336,0.969476
0.742,0,-0.00181319,1.70597,0.972544
0.744,0,-0.000100733,1.70597,0.972544
0.746,0,0.000604396,1.70597,0.972544
0.748,0,0.00282051,1.70597,0.972544
0.75,0,0.00382784,-1.44531,0.969476
0.752,0,0.00443223,-1.17046,0.969476
0.754,0,0.0052381,-0.982917,0.966408
0.756,0,0.00584249,-0.847187,0.966408
0.758,0,0.00745421,-0.832121,0.96334
0.76,0,0.00826007,-0.832121,0.960272
0.762,0,0.00815934,-0.832121,0.960272
0.764,0,0.00987179,-0.832121,0.957204
0.766,0,0.0100733,-0.832121,0.954136
0.768,0,0.0107784,-0.920089,0.948
0.77,0,0.0109799,-0.920089,0.944932
0.772,0,0.0118864,-0.920089,0.941864
0.774,0,0.0122894,-1.5978,0.938796
0.776,0,0.0130952,-1.5978,0.935728
0.778,0,0.0132967,-1.5978,0.929592
0.78,0,0.0136996,-1.92671,0.926524
0.782,0,0.0145055,-1.92671,0.920388
0.784,0,0.014304,-1.92671,0.917321
0.786,0,0.0153114,-2.15293,0.911185
0.788,0,0.0145055,-2.15293,0.908117
0.79,0,0.0156136,-2.33725,0.901981
0.792,0,0.015815,-2.33725,0.898913
0.794,0,0.0161172,-2.33725,0.892777
0.796,0,0.0164194,-2.47532,0.886641
0.798,0,0.0167216,-2.47532,0.883573
0.8,0,0.0169231,-2.60043,0.877437
0.802,0,0.017326,-2.60043,0.871301
0.804,0,0.0170238,-2.70556,0.865165
0.806,0,0.0175275,-2.70556,0.859029
0.808,0,0.0186355,-2.78401,0.852893
0.81,0,0.0178297,-2.78401,0.849825
0.812,0,0.0183333,-2.78401,0.843689
0.814,0,0.0176282,-2.86047,0.837554
0.816,0,0.0185348,-2.86047,0.831418
0.818,0,0.017326,-2.90388,0.825282
0.82,0,0.0183333,-2.90388,0.819146
0.822,0,0.0179304,-2.95759,0.81301
0.824,0,0.0181319,-2.95759,0.806874
0.826,0,0.0185348,-2.97402,0.800738
0.828,0,0.0187363,-2.97402,0.794602
0.83,0,0.0185348,-2.98002,0.788466
0.832,0,0.0184341,-2.98002,0.78233
0.834,0,0.0181319,-2.98951,0.776194
0.836,0,0.0183333,-2.98951,0.770058
0.838,0,0.0196429,-2.9872,0.763922
0.84,0,0.0189377,-2.9872,0.760854
0.842,0,0.0185348,-2.98012,0.754719
0.844,0,0.0182326,-2.98012,0.748583
0.846,0,0.0179304,-2.9734,0.742447
0.848,0,0.0190385,-2.9734,0.736311
0.85,0,0.0178297,-2.97115,0.730175
0.852,0,0.0178297,-2.97115,0.724039
0.854,0,0.0178297,-2.95588,0.717903
0.856,0,0.0179304,-2.95588,0.711767
0.858,0,0.0179304,-2.94624,0.705631
0.86,0,0.0185348,-2.94624,0.699495
0.862,0,0.0177289,-2.94561,0.693359
0.864,0,0.0180311,-2.94561,0.690291
0.866,0,0.0181319,-2.94133,0.681087
0.868,0,0.0175275,-2.92789,0.67802
0.87,0,0.0179304,-2.92789,0.671884
0.872,0,0.0187363,-2.91378,0.665748
0.874,0,0.0168223,-2.91378,0.659612
0.876,0,0.0182326,-2.91074,0.653476
0.878,0,0.0176282,-2.91074,0.64734
0.88,0,0.0179304,-2.89784,0.641204
0.882,0,0.0178297,-2.89784,0.635068
0.884,0,0.0174267,-2.88832,0.632
0.886,0,0.0178297,-2.88832,0.625864
0.888,0,0.0177289,-2.88926,0.619728
0.89,0,0.0175275,-2.88926,0.613592
0.892,0,0.0176282,-2.8962,0.607456
0.894,0,0.0177289,-2.8962,0.60132
0.896,0,0.0172253,-2.91661,0.595185
0.898,0,0.0178297,-2.91661,0.589049
0.9,0,0.0176282,-2.94525,0.582913
0.902,0,0.0199451,-2.94525,0.576777
0.904,0,0.0185348,-2.98638,0.570641
0.906,0,0.0186355,-2.98638,0.564505
0.908,0,0.0183333,-3.04381,0.558369
0.91,0,0.0185348,-3.04381,0.552233
0.912,0,0.0195421,-3.11019,0.546097
0.914,0,0.0194414,-3.11019,0.539961
0.916,0,0.0204487,-3.18186,0.533825
0.918,0,0.020348,-3.18186,0.527689
0.92,0,0.0209524,-3.26408,0.521553
0.922,0,0.0216575,-3.26408,0.51235
0.924,0,0.0216575,-3.36536,0.506214
0.926,0,0.0223626,-3.36536,0.500078
0.928,0,0.0226648,-3.46755,0.493942
0.93,0,0.022967,-3.58558,0.484738
0.932,0,0.0230678,-3.58558,0.478602
0.934,0,0.0242766,-3.70816,0.469398
0.936,0,0.0245788,-3.70816,0.463262
0.938,0,0.0255861,-3.85091,0.454058
0.94,0,0.0258883,-3.99877,0.444854
0.942,0,0.025989,-4.155,0.435651
0.944,0,0.0276007,-4.155,0.429515
0.946,0,0.0284066,-4.32143,0.420311
0.948,0,0.0285073,-4.49399,0.411107
0.95,0,0.0288095,-4.49399,0.401903
0.952,0,0.0303205,-4.67704,0.389631
0.954,0,0.0310256,-4.88451,0.380427
0.956,0,0.0323352,-5.03681,0.371223
0.958,0,0.0344505,-5.27251,0.358952
0.96,0,0.0347527,-5.50136,0.34668
0.962,0,0.0352564,-5.64464,0.337476
0.964,0,0.0369689,-5.89056,0.325204
0.966,0,0.0380769,-6.10831,0.312932
0.968,0,0.0399908,-6.32298,0.297592
0.97,0,0.0407967,-6.56058,0.28532
0.972,0,0.0421062,-6.76725,0.269981
0.974,0,0.0441209,-6.98101,0.257709
0.976,0,0.0456319,-7.29093,0.242369
0.978,0,0.0477473,-7.66046,0.227029
0.98,0,0.0492582,-7.94973,0.208621
0.982,0,0.0518773,-8.13513,0.193282
0.984,0,0.0541941,-8.64308,0.174874
0.986,0,0.0551007,-8.83847,0.156466
0.988,0,0.0564103,-9.35879,0.138058
0.99,0,0.0596337,-9.53359,0.116583
0.992,0,0.0618498,-10.0347,0.0981748
0.994,0,0.0634615,-10.4634,0.076699
0.996,0,0.0649725,-10.8417,0.0552233
0.998,0,0.0675916,-11.0013,0.0337476
1,0,0.0689011,-11.49,0.00920388
1.002,0,0.0696062,-11.8013,-0.0153398
1.004,0,0.0716209,-12.1011,-0.0398835
1.006,0,0.0741392,-12.3611,-0.0644272
1.008,0,0.0745421,-12.5733,-0.0889709
1.01,0,0.0771612,-12.7386,-0.113515
1.012,0,0.0777656,-12.8767,-0.141126
1.014,0,0.07837,-12.9172,-0.16567
1.016,0,0.0773626,-12.8439,-0.193282
1.018,0,0.0760531,-12.752,-0.217825
1.02,0,0.0739377,-12.5716,-0.242369
1.022,0,0.0707143,-12.3575,-0.266913
1.024,0,0.0700092,-12.0386,-0.291456
1.026,0,0.0670879,-11.7081,-0.316
1.028,0,0.0665842,-11.3312,-0.337476
1.03,0,0.0638645,-11.1104,-0.358952
1.032,0,0.0620513,-10.655,-0.380427
1.034,0,0.0593315,-10.1759,-0.398835
1.036,0,0.0579212,-9.98557,-0.420311
1.038,0,0.0558059,-9.53832,-0.438719
1.04,0,0.0529853,-9.30047,-0.457126
1.042,0,0.0506685,-8.73683,-0.472466
1.044,0,0.0481502,-8.45986,-0.490874
1.046,0,0.0461355,-8.14924,-0.506214
1.048,0,0.0447253,-7.64211,-0.521553
1.05,0,0.0423077,-7.37312,-0.533825
1.052,0,0.040696,-7.10262,-0.549165
1.054,0,0.0417033,-6.82744,-0.561437
1.056,0,0.0374725,-6.51141,-0.573709
1.058,0,0.0352564,-6.2277,-0.585981
1.06,0,0.0338462,-5.96006,-0.598253
1.062,0,0.0318315,-5.68331,-0.607456
1.064,0,0.0306227,-5.3961,-0.619728
1.066,0,0.0291117,-5.3961,-0.628932
1.068,0,0.0282051,-5.09505,-0.638136
1.07,0,0.0272985,-4.79832,-0.64734
1.072,0,0.0264927,-4.54878,-0.656544
1.074,0,0.024478,-4.54878,-0.665748
1.076,0,0.0234707,-4.26427,-0.671884
1.078,0,0.0227656,-3.96036,-0.681087
1.08,0,0.022967,-3.96036,-0.687223
1.082,0,0.0209524,-3.70668,-0.693359
1.084,0,0.0196429,-3.70668,-0.699495
1.086,0,0.0198443,-3.46357,-0.708699
1.088,0,0.0184341,-3.46357,-0.717903
1.09,0,0.0172253,-3.19489,-0.724039
1.092,0,0.0169231,-3.19489,-0.727107
1.094,0,0.0171245,-2.95738,-0.733243
1.096,0,0.0166209,-2.95738,-0.739379
1.098,0,0.015815,-2.71499,-0.745515
1.1,0,0.0156136,-2.71499,-0.748583
1.102,0,0.0154121,-2.71499,-0.754719
1.104,0,0.0136996,-2.48,-0.757787
1.106,0,0.0136996,-2.48,-0.760854
1.108,0,0.0124908,-2.48,-0.76699
1.11,0,0.0122894,-2.24598,-0.770058
1.112,0,0.0115842,-2.24598,-0.773126
1.114,0,0.0119872,-2.24598,-0.779262
1.116,0,0.0106777,-2.01716,-0.78233
1.118,0,0.0105769,-2.01716,-0.785398
1.12,0,0.0110806,-2.01716,-0.788466
1.122,0,0.0100733,-1.83124,-0.791534
1.124,0,0.00977106,-1.79187,-0.794602
1.126,0,0.0095696,-1.79187,-0.79767
1.128,0,0.00946886,-1.79187,-0.800738
1.13,0,0.0089652,-1.64388,-0.803806
1.132,0,0.00936813,-1.59202,-0.806874
1.134,0,0.00916667,-1.59202,-0.809942
1.136,0,0.00856227,-1.59202,-0.81301
1.138,0,0.00815934,-1.59202,-0.816078
1.14,0,0.00815934,-1.40894,-0.819146
1.142,0,0.00886447,-1.40894,-0.819146
1.144,0,0.00755495,-1.40894,-0.822214
1.146,0,0.00765568,-1.40894,-0.825282
1.148,0,0.00715201,-1.40894,-0.82835
1.15,0,0.00735348,-1.22124,-0.82835
1.152,0,0.00684982,-1.23738,-0.831418
1.154,0,0.00684982,-1.23738,-0.834486
1.156,0,0.00725275,-1.23738,-0.834486
1.158,0,0.00624542,-1.23738,-0.837554
1.16,0,0.00594322,-1.23738,-0.840621
1.162,0,0.00594322,-1.07005,-0.840621
1.164,0,0.00634615,-1.06785,-0.843689
1.166,0,0.00574176,-1.06785,-0.843689
1.168,0,0.00574176,-1.06785,-0.846757
1.17,0,0.00554029,-1.06785,-0.846757
1.172,0,0.00554029,-1.06785,-0.849825
1.174,0,0.00533883,-1.06785,-0.849825
1.176,0,0.0052381,-0.945949,-0.852893
1.178,0,0.00483516,-0.819747,-0.852893
1.18,0,0.0040293,-0.888797,-0.855961
1.182,0,0.0040293,-0.888797,-0.855961
1.184,0,0.00332418,-0.888797,-0.859029
1.186,0,0.00392857,-0.888797,-0.859029
1.188,0,0.00362637,-0.888797,-0.859029
1.19,0,0.00332418,-0.888797,-0.862097
1.192,0,0.00332418,-0.888797,-0.862097
1.194,0,0.00312271,-0.793151,-0.862097
1.196,0,0.00282051,-0.702233,-0.862097
1.198,0,0.00261905,-0.630372,-0.865165
1.2,0,0.00261905,-0.571464,-0.865165
1.202,0,0.00110806,-0.522808,-0.865165
1.204,0,0.00221612,-0.481805,-0.865165
1.206,0,0.00130952,-0.446759,-0.865165
1.208,0,0.00040293,-0.416451,-0.865165
1.21,0,0.00040293,-0.389995,-0.865165
1.212,0,0.000302198,-0.366601,-0.865165
1.214,0,-0.00040293,-0.345943,-0.865165
1.216,0,-0.000906593,-0.327488,-0.865165
1.218,0,-0.00130952,-0.310927,-0.865165
1.22,0,-0.00211538,0.295902,-0.862097
1.222,0,-0.00231685,0.282326,-0.862097
1.224,0,-0.00231685,0.269879,-0.862097
1.226,0,-0.00352564,0.64149,-0.859029
1.228,0,-0.00352564,0.64149,-0.859029
1.23,0,-0.00543956,0.64149,-0.855961
1.232,0,-0.00543956,0.64149,-0.855961
1.234,0,-0.00624542,0.64149,-0.852893
1.236,0,-0.00745421,0.64149,-0.849825
1.238,0,-0.00886447,0.64149,-0.849825
1.24,0,-0.0092674,0.282733,-0.846757
1.242,0,-0.00946886,0.282733,-0.843689
1.244,0,-0.0107784,0.282733,-0.840621
1.246,0,-0.011685,1.31402,-0.834486
1.248,0,-0.0121886,1.31402,-0.831418
1.25,0,-0.0138004,1.31402,-0.82835
1.252,0,-0.0139011,1.85778,-0.822214
1.254,0,-0.0152106,1.85778,-0.819146
1.256,0,-0.0160165,1.85778,-0.81301
1.258,0,-0.0177289,2.33962,-0.806874
1.26,0,-0.0189377,2.33962,-0.800738
1.262,0,-0.020348,2.78107,-0.794602
1.264,0,-0.0217582,2.78107,-0.788466
1.266,0,-0.0224634,3.19804,-0.78233
1.268,0,-0.0243773,3.59894,-0.773126
1.27,0,-0.0257875,3.59894,-0.763922
1.272,0,-0.0271978,3.99047,-0.754719
1.274,0,-0.0294139,4.3567,-0.745515
1.276,0,-0.0307234,4.71871,-0.736311
1.278,0,-0.0323352,4.71871,-0.727107
1.28,0,-0.0343498,5.07897,-0.714835
1.282,0,-0.0357601,5.43774,-0.702563
1.284,0,-0.0377747,5.77567,-0.690291
1.286,0,-0.039185,6.07826,-0.67802
1.288,0,-0.0414011,6.6452,-0.66268
1.29,0,-0.0420055,6.90113,-0.650408
1.292,0,-0.044826,7.14506,-0.635068
1.294,0,-0.0457326,7.39404,-0.619728
1.296,0,-0.0471429,7.59625,-0.604388
1.298,0,-0.0481502,7.94537,-0.589049
1.3,0,-0.0522802,8.06813,-0.573709
1.302,0,-0.0485531,8.1649,-0.555301
1.304,0,-0.0499634,8.30433,-0.539961
1.306,0,-0.0495604,8.32154,-0.521553
1.308,0,-0.0483516,8.33559,-0.506214
1.31,0,-0.0482509,8.22686,-0.490874
1.312,0,-0.0474451,8.14683,-0.472466
1.314,0,-0.0468407,8.0163,-0.457126
1.316,0,-0.0450275,7.70757,-0.441786
1.318,0,-0.0436172,7.51791,-0.426447
1.32,0,-0.0423077,7.30642,-0.414175
1.322,0,-0.0404945,7.07175,-0.398835
1.324,0,-0.0382784,6.85307,-0.386563
1.326,0,-0.0362637,6.622,-0.374291
1.328,0,-0.0348535,6.33054,-0.362019
1.33,0,-0.0333425,5.98363,-0.349748
1.332,0,-0.0311264,5.61955,-0.340544
1.334,0,-0.0295147,5.27689,-0.33134
1.336,0,-0.0286081,4.83075,-0.322136
1.338,0,-0.0267949,4.94522,-0.312932
1.34,0,-0.0242766,4.62168,-0.303728
1.342,0,-0.0227656,4.25384,-0.294524
1.344,0,-0.0215568,4.25384,-0.288388
1.346,0,-0.021859,3.8124,-0.282252
1.348,0,-0.0187363,3.8124,-0.276117
1.35,0,-0.0177289,3.38329,-0.269981
1.352,0,-0.0159158,3.38329,-0.263845
1.354,0,-0.0154121,2.95933,-0.257709
1.356,0,-0.0141026,2.95933,-0.254641
1.358,0,-0.0134982,2.73422,-0.248505
1.36,0,-0.0118864,2.53129,-0.245437
1.362,0,-0.011685,2.53129,-0.242369
1.364,0,-0.00977106,2.35629,-0.236233
1.366,0,-0.00977106,2.06009,-0.233165
1.368,0,-0.00906593,2.06009,-0.230097
1.37,0,-0.00815934,2.06009,-0.230097
1.372,0,-0.00735348,1.9126,-0.227029
1.374,0,-0.00664835,1.45865,-0.223961
1.376,0,-0.00644689,1.53578,-0.220893
1.378,0,-0.0052381,1.53578,-0.220893
1.38,0,-0.00533883,1.53578,-0.217825
1.382,0,-0.00352564,1.53578,-0.217825
1.384,0,-0.00282051,1.40621,-0.214757
1.386,0,-0.00251832,1.14457,-0.214757
1.388,0,-0.00221612,0.964198,-0.214757
1.39,0,-0.00171245,0.833552,-0.211689
1.392,0,-0.000906593,0.733877,-0.211689
1.394,0,-0.000705128,0.655424,-0.211689
1.396,0,-0.000503663,0.591999,-0.211689
1.398,0,0.000100733,0.539973,-0.211689
1.4,0,0.000503663,0.496351,-0.211689
1.402,0,0.000503663,0.459235,-0.211689
1.404,0,0.00201465,0.427214,-0.211689
1.406,0,0.000805861,0.399364,-0.211689
1.408,0,0.00191392,0.374997,-0.211689
1.41,0,0.00231685,0.353409,-0.211689
1.412,0,0.00201465,0.334166,-0.211689
1.414,0,0.00231685,0.316864,-0.214757
1.416,0,0.00282051,0.301311,-0.214757
1.418,0,0.00282051,0.287262,-0.214757
1.42,0,0.00302198,0.274359,-0.214757
1.422,0,0.00302198,0.262642,-0.214757
1.424,0,0.00332418,0.90747,-0.217825
1.426,0,0.00352564,0.90747,-0.217825
1.428,0,0.00382784,0.90747,-0.217825
1.43,0,0.00423077,0.90747,-0.220893
1.432,0,0.00372711,0.90747,-0.220893
1.434,0,0.00362637,0.90747,-0.220893
1.436,0,0.00372711,-0.902814,-0.223961
1.438,0,0.00413004,-0.787184,-0.223961
1.44,0,0.0049359,-0.697743,-0.223961
1.442,0,0.00423077,-0.626507,-0.227029
1.444,0,0.00443223,-0.568474,-0.227029
1.446,0,0.00372711,-0.23528,-0.230097
1.448,0,0.0046337,-0.23528,-0.230097
1.45,0,0.00503663,-0.23528,-0.230097
1.452,0,0.00473443,-0.23528,-0.233165
1.454,0,0.0043315,-0.23528,-0.233165
1.456,0,0.00443223,-0.23528,-0.236233
1.458,0,0.00443223,-0.23528,-0.236233
1.46,0,0.00473443,-0.23528,-0.239301
1.462,0,0.00503663,-0.23528,-0.239301
1.464,0,0.00533883,-0.640061,-0.242369
1.466,0,0.00584249,-0.640061,-0.242369
1.468,0,0.00554029,-0.640061,-0.245437
1.47,0,0.00604396,-0.640061,-0.245437
1.472,0,0.00594322,-0.640061,-0.248505
1.474,0,0.00584249,-0.640061,-0.251573
1.476,0,0.00624542,-0.640061,-0.251573
1.478,0,0.00684982,-0.784016,-0.254641
1.48,0,0.00654762,-0.784016,-0.254641
1.482,0,0.00705128,-0.784016,-0.257709
1.484,0,0.00705128,-0.784016,-0.260777
1.486,0,0.00705128,-0.784016,-0.260777
1.488,0,0.00725275,-0.784016,-0.263845
1.49,0,0.00735348,-0.952835,-0.266913
1.492,0,0.00755495,-0.952835,-0.269981
1.494,0,0.00765568,-0.952835,-0.269981
1.496,0,0.00876374,-0.952835,-0.273049
1.498,0,0.00936813,-0.952835,-0.276117
1.5,0,0.008663,-1.14803,-0.279185
1.502,0,0.00997253,-1.14803,-0.282252
1.504,0,0.0100733,-1.14803,-0.28532
1.506,0,0.00997253,-1.14803,-0.288388
1.508,0,0.0105769,-1.37021,-0.291456
1.51,0,0.0105769,-1.37021,-0.294524
1.512,0,0.0109799,-1.37021,-0.297592
1.514,0,0.0119872,-1.61516,-0.303728
1.516,0,0.013196,-1.61516,-0.306796
1.518,0,0.012793,-1.61516,-0.309864
1.52,0,0.0126923,-1.61516,-0.312932
1.522,0,0.0141026,-1.87566,-0.319068
1.524,0,0.0142033,-1.87566,-0.322136
1.526,0,0.0150092,-2.1462,-0.328272
1.528,0,0.0162179,-2.1462,-0.33134
1.53,0,0.0164194,-2.1462,-0.337476
1.532,0,0.0168223,-2.43026,-0.343612
1.534,0,0.0178297,-2.43026,-0.349748
1.536,0,0.0190385,-2.70895,-0.355884
1.538,0,0.0196429,-2.70895,-0.362019
1.54,0,0.0210531,-2.99218,-0.368155
1.542,0,0.0217582,-2.99218,-0.374291
1.544,0,0.0227656,-3.28156,-0.383495
1.546,0,0.02337,-3.55583,-0.389631
1.548,0,0.0250824,-3.55583,-0.398835
1.55,0,0.0262912,-3.84299,-0.404971
1.552,0,0.0281044,-4.1383,-0.414175
1.554,0,0.0276007,-4.1383,-0.423379
1.556,0,0.0298168,-4.42317,-0.432583
1.558,0,0.0315293,-4.70619,-0.444854
1.56,0,0.0324359,-4.98352,-0.454058
1.562,0,0.0336447,-5.25514,-0.46633
1.564,0,0.0352564,-5.52496,-0.478602
1.566,0,0.0360623,-5.7989,-0.487806
1.568,0,0.0385806,-6.04119,-0.503146
1.57,0,0.0396886,-6.28676,-0.515418
1.572,0,0.0408974,-6.54426,-0.527689
1.574,0,0.0423077,-6.76927,-0.543029
1.576,0,0.0440201,-7.00492,-0.555301
1.578,0,0.0488553,-7.22913,-0.570641
1.58,0,0.046337,-7.59965,-0.585981
1.582,0,0.0472436,-7.77341,-0.60132
1.584,0,0.0484524,-7.91675,-0.619728
1.586,0,0.0494597,-8.18548,-0.635068
1.588,0,0.049359,-8.26124,-0.650408
1.59,0,0.0505678,-8.35593,-0.668816
1.592,0,0.05087,-8.42758,-0.684155
1.594,0,0.0494597,-8.43603,-0.702563
1.596,0,0.0498626,-8.4312,-0.717903
1.598,0,0.0494597,-8.31269,-0.736311
1.6,0,0.0492582,-8.23921,-0.751651
1.602,0,0.0470421,-8.11168,-0.76699
1.604,0,0.0457326,-7.83018,-0.78233
1.606,0,0.0440201,-7.65535,-0.79767
1.608,0,0.0426099,-7.47252,-0.81301
1.61,0,0.0413004,-7.25835,-0.825282
1.612,0,0.0382784,-7.01777,-0.840621
1.614,0,0.0379762,-6.77992,-0.852893
1.616,0,0.0356593,-6.51031,-0.865165
1.618,0,0.0347527,-6.20609,-0.877437
1.62,0,0.0324359,-5.93799,-0.886641
1.622,0,0.0309249,-5.62983,-0.898913
1.624,0,0.0294139,-5.26839,-0.908117
1.626,0,0.0277015,-4.97642,-0.917321
1.628,0,0.0266941,-4.97642,-0.926524
1.63,0,0.024881,-4.61181,-0.935728
1.632,0,0.0235714,-4.21836,-0.941864
1.634,0,0.021859,-4.21836,-0.951068
1.636,0,0.0206502,-3.86841,-0.957204
1.638,0,0.0192399,-3.7048,-0.96334
1.64,0,0.0174267,-3.46376,-0.969476
1.642,0,0.0171245,-3.45266,-0.975612
1.644,0,0.0153114,-3.03235,-0.97868
1.646,0,0.0144048,-3.03235,-0.984816
1.648,0,0.013196,-2.58932,-0.990952
1.65,0,0.0120879,-2.58932,-0.99402
1.652,0,0.0119872,-2.58932,-0.997088
1.654,0,0.0112821,-2.03788,-1.00016
1.656,0,0.00936813,-2.10039,-1.00322
1.658,0,0.00886447,-2.10039,-1.00629
1.66,0,0.00795788,-2.10039,-1.00936
1.662,0,0.00775641,-1.63825,-1.01243
1.664,0,0.00654762,-1.60873,-1.0155
1.666,0,0.00654762,-1.60873,-1.0155
1.668,0,0.00584249,-1.60873,-1.01856
1.67,0,0.00513736,-1.60873,-1.01856
1.672,0,0.0043315,-1.49012,-1.02163
1.674,0,0.00392857,-1.19898,-1.02163
1.676,0,0.00312271,-1.00301,-1.02163
1.678,0,0.00302198,-0.862075,-1.0247
1.68,0,0.00181319,-0.756033,-1.0247
1.682,0,0.00241758,-0.673045,-1.0247
1.684,0,0.00191392,-0.606528,-1.0247
1.686,0,0.000100733,-0.55194,-1.0247
1.688,0,0.000805861,-0.506449,-1.0247
1.69,0,0,-0.467817,-1.0247
1.692,0,-0.000201465,-0.434641,-1.0247
1.694,0,-0.00100733,-0.40597,-1.0247
1.696,0,-0.00120879,0.380729,-1.02163
1.698,0,-0.00130952,0.358447,-1.02163
1.7,0,-0.00201465,0.338719,-1.02163
1.702,0,-0.00191392,0.320929,-1.02163
1.704,0,-0.00271978,0.957617,-1.01856
1.706,0,-0.00352564,0.957617,-1.01856
1.708,0,-0.00342491,0.957617,-1.0155
1.71,0,-0.00423077,0.957617,-1.0155
1.712,0,-0.00413004,0.957617,-1.0155
1.714,0,-0.0046337,0.957617,-1.01243
1.716,0,-0.0052381,0.891327,-1.00936
1.718,0,-0.00533883,0.778301,-1.00936
1.72,0,-0.00483516,0.301403,-1.00629
1.722,0,-0.00624542,0.301403,-1.00629
1.724,0,-0.00664835,0.301403,-1.00322
1.726,0,-0.00584249,0.301403,-1.00016
1.728,0,-0.00684982,0.301403,-1.00016
1.73,0,-0.00755495,0.301403,-0.997088
1.732,0,-0.00765568,0.916058,-0.99402
1.734,0,-0.00785714,0.916058,-0.990952
1.736,0,-0.00805861,0.916058,-0.990952
1.738,0,-0.00886447,0.916058,-0.987884
1.74,0,-0.00856227,0.916058,-0.984816
1.742,0,-0.0089652,1.18176,-0.981748
1.744,0,-0.0089652,1.18176,-0.97868
1.746,0,-0.00946886,1.18176,-0.975612
1.748,0,-0.0092674,1.18176,-0.972544
1.75,0,-0.0103755,1.39098,-0.969476
1.752,0,-0.00997253,1.39098,-0.966408
1.754,0,-0.0106777,1.39098,-0.96334
1.756,0,-0.0105769,1.39098,-0.960272
1.758,0,-0.0113828,1.58959,-0.954136
1.76,0,-0.0117857,1.58959,-0.951068
1.762,0,-0.0118864,1.58959,-0.948
1.764,0,-0.0123901,1.78099,-0.944932
1.766,0,-0.0121886,1.78099,-0.938796
1.768,0,-0.0128938,1.78099,-0.935728
1.77,0,-0.0133974,1.97016,-0.93266
1.772,0,-0.0146062,1.97016,-0.926524
1.774,0,-0.0141026,2.17592,-0.920388
1.776,0,-0.0150092,2.17592,-0.917321
1.778,0,-0.0146062,2.17592,-0.911185
1.78,0,-0.015815,2.37767,-0.908117
1.782,0,-0.0164194,2.37767,-0.901981
1.784,0,-0.0171245,2.56253,-0.895845
1.786,0,-0.0172253,2.56253,-0.889709
1.788,0,-0.0176282,2.7876,-0.883573
1.79,0,-0.018837,2.7876,-0.877437
1.792,0,-0.0198443,3.00278,-0.871301
1.794,0,-0.0197436,3.00278,-0.865165
1.796,0,-0.0200458,3.18823,-0.859029
1.798,0,-0.0212546,3.18823,-0.852893
1.8,0,-0.0232692,3.42758,-0.843689
1.802,0,-0.0228663,3.42758,-0.837554
1.804,0,-0.02337,3.64306,-0.82835
1.806,0,-0.024478,3.85254,-0.822214
1.808,0,-0.0252839,3.85254,-0.81301
1.81,0,-0.0261905,4.0863,-0.803806
1.812,0,-0.0269963,4.30826,-0.794602
1.814,0,-0.0282051,4.53226,-0.785398
1.816,0,-0.0293132,4.53226,-0.776194
1.818,0,-0.0304212,4.75904,-0.76699
1.82,0,-0.0324359,4.98537,-0.754719
1.822,0,-0.0329396,5.20465,-0.745515
1.824,0,-0.0337454,5.42399,-0.733243
1.826,0,-0.0353571,5.6392,-0.720971
1.828,0,-0.0367674,5.85966,-0.708699
1.83,0,-0.0374725,6.08157,-0.696427
1.832,0,-0.0403938,6.29478,-0.684155
1.834,0,-0.0413004,6.52228,-0.671884
1.836,0,-0.0423077,6.74535,-0.656544
1.838,0,-0.0435165,6.9478,-0.641204
1.84,0,-0.0446245,7.33158,-0.625864
1.842,0,-0.0464377,7.50616,-0.613592
1.844,0,-0.0465385,7.66199,-0.598253
1.846,0,-0.0480495,7.85091,-0.579845
1.848,0,-0.0496612,8.14901,-0.564505
1.85,0,-0.050467,8.317,-0.546097
1.852,0,-0.05087,8.43555,-0.530757
1.854,0,-0.051978,8.65832,-0.51235
1.856,0,-0.0526832,8.72872,-0.493942
1.858,0,-0.0533883,8.88049,-0.478602
1.86,0,-0.0531868,8.91112,-0.460194
1.862,0,-0.0533883,8.9753,-0.441786
1.864,0,-0.0532875,8.97867,-0.423379
1.866,0,-0.0530861,8.92624,-0.404971
1.868,0,-0.0515751,8.88236,-0.389631
1.87,0,-0.051978,8.83379,-0.371223
1.872,0,-0.0505678,8.64866,-0.352816
1.874,0,-0.0495604,8.55305,-0.337476
1.876,0,-0.0481502,8.29062,-0.319068
1.878,0,-0.0472436,8.1391,-0.303728
1.88,0,-0.0458333,8.00461,-0.288388
1.882,0,-0.0445238,7.81764,-0.273049
1.884,0,-0.0428114,7.4587,-0.257709
1.886,0,-0.0410989,7.25334,-0.245437
1.888,0,-0.0399908,7.04283,-0.230097
1.89,0,-0.0396886,6.83288,-0.217825
1.892,0,-0.0387821,6.6064,-0.205553
1.894,0,-0.0366667,6.39274,-0.193282
1.896,0,-0.0357601,6.15906,-0.18101
1.898,0,-0.0343498,5.92457,-0.168738
1.9,0,-0.0318315,5.68178,-0.156466
1.902,0,-0.0313278,5.41896,-0.147262
1.904,0,-0.0307234,5.28067,-0.138058
1.906,0,-0.0285073,5.15765,-0.128854
1.908,0,-0.0272985,4.92625,-0.119651
1.91,0,-0.0263919,4.66167,-0.110447
1.912,0,-0.0249817,4.66167,-0.101243
1.914,0,-0.0234707,4.39514,-0.0920388
1.916,0,-0.0227656,4.10744,-0.0859029
1.918,0,-0.0222619,4.10744,-0.076699
1.92,0,-0.0213553,3.8684,-0.0705631
1.922,0,-0.0199451,3.62154,-0.0644272
1.924,0,-0.0194414,3.58704,-0.0582913
1.926,0,-0.0185348,3.33037,-0.0490874
1.928,0,-0.0180311,3.33037,-0.0460194
1.93,0,-0.0178297,3.06068,-0.0398835
1.932,0,-0.0165201,3.0681,-0.0337476
1.934,0,-0.0148077,3.0681,-0.0276117
1.936,0,-0.0152106,2.80148,-0.0245437
1.938,0,-0.014707,2.80148,-0.0184078
1.94,0,-0.0132967,2.54,-0.0122718
1.942,0,-0.0140018,2.54,-0.00920388
1.944,0,-0.0134982,2.54,-0.00613592
1.946,0,-0.012793,2.26475,0
1.948,0,-0.0118864,2.26475,0.00306796
1.95,0,-0.0107784,2.26475,0.00613592
1.952,0,-0.0106777,1.90079,0.00920388
1.954,0,-0.00997253,1.99709,0.0122718
1.956,0,-0.00987179,1.99709,0.0184078
1.958,0,-0.00946886,1.99709,0.0214757
1.96,0,-0.00886447,1.74218,0.0245437
1.962,0,-0.00856227,1.74218,0.0245437
1.964,0,-0.008663,1.74218,0.0276117
1.966,0,-0.00805861,1.74218,0.0306796
1.968,0,-0.00775641,1.48778,0.0337476
1.97,0,-0.00725275,1.46307,0.0368155
1.972,0,-0.00614469,1.46307,0.0398835
1.974,0,-0.00634615,1.46307,0.0398835
1.976,0,-0.00644689,1.46307,0.0429515
1.978,0,-0.00584249,1.36025,0.0460194
1.98,0,-0.00594322,1.11288,0.0460194
1.982,0,-0.00543956,1.16998,0.0490874
1.984,0,-0.00382784,1.16998,0.0490874
1.986,0,-0.0049359,1.16998,0.0521553
1.988,0,-0.00332418,1.16998,0.0521553
1.99,0,-0.00382784,1.16998,0.0552233
1.992,0,-0.00292125,1.10756,0.0552233
1.994,0,-0.00302198,0.938341,0.0552233
1.996,0,-0.00221612,0.813515,0.0582913
1.998,0,-0.00201465,0.718231,0.0582913
2,0,-0.00221612,0.64315,0.0582913
2.002,0,-0.00181319,0.837298,0.0613592
2.004,0,-0.00151099,0.837298,0.0613592
2.006,0,-0.000604396,0.837298,0.0613592
2.008,0,-0.00110806,0.837298,0.0613592
2.01,0,0.000100733,0.837298,0.0613592
2.012,0,-0.000100733,0.837298,0.0613592
2.014,0,0.000503663,0.837298,0.0613592
2.016,0,0,0.788502,0.0644272
2.018,0,0.00040293,0.698834,0.0644272
2.02,0,0.00100733,0.627279,0.0644272
2.022,0,0.000906593,-0.569239,0.0613592
2.024,0,0.00181319,-0.520865,0.0613592
2.026,0,0.00181319,-0.48008,0.0613592
2.028,0,0.00271978,-0.445236,0.0613592
2.03,0,0.00342491,-0.415089,0.0613592
2.032,0,0.00342491,-0.38887,0.0613592
2.034,0,0.00312271,-0.365725,0.0582913
2.036,0,0.0043315,-0.345091,0.0582913
2.038,0,0.00423077,-0.326732,0.0552233
2.04,0,0.0046337,-0.310182,0.0552233
2.042,0,0.00513736,-0.28384,0.0521553
2.044,0,0.00584249,-0.28384,0.0521553
2.046,0,0.00564103,-0.28384,0.0490874
2.048,0,0.00695055,-0.28384,0.0490874
2.05,0,0.00765568,-0.28384,0.0460194
2.052,0,0.00836081,-0.28384,0.0429515
2.054,0,0.00856227,-0.769446,0.0398835
2.056,0,0.00906593,-0.769446,0.0368155
2.058,0,0.00987179,-0.769446,0.0337476
2.06,0,0.0100733,-0.769446,0.0306796
2.062,0,0.010174,-1.31374,0.0276117
2.064,0,0.0118864,-1.31374,0.0245437
2.066,0,0.0119872,-1.31374,0.0214757
2.068,0,0.0122894,-1.74319,0.0153398
2.07,0,0.0136996,-1.74319,0.0122718
2.072,0,0.014707,-1.74319,0.00920388
2.074,0,0.0165201,-2.118,0.00306796
2.076,0,0.0176282,-2.118,-0.00306796
2.078,0,0.0186355,-2.48601,-0.00920388
2.08,0,0.0181319,-2.48601,-0.0122718
2.082,0,0.0195421,-2.84675,-0.0214757
2.084,0,0.0202473,-2.84675,-0.0276117
2.086,0,0.0212546,-3.16015,-0.0337476
2.088,0,0.0216575,-3.16015,-0.0398835
2.09,0,0.0228663,-3.46458,-0.0490874
2.092,0,0.0239744,-3.46458,-0.0552233
2.094,0,0.025989,-3.76477,-0.0644272
2.096,0,0.0260897,-4.03661,-0.0736311
2.098,0,0.0272985,-4.30411,-0.082835
2.1,0,0.0288095,-4.30411,-0.0920388
2.102,0,0.0294139,-4.55063,-0.101243
2.104,0,0.0302198,-4.76852,-0.110447
2.106,0,0.0313278,-4.98349,-0.119651
2.108,0,0.0326374,-5.18179,-0.131922
2.11,0,0.0332418,-5.18179,-0.141126
2.112,0,0.0338462,-5.33839,-0.153398
2.114,0,0.0349542,-5.49332,-0.16567
2.116,0,0.0353571,-5.63349,-0.174874
2.118,0,0.0354579,-5.71138,-0.187146
2.12,0,0.0353571,-5.79312,-0.199418
2.122,0,0.0353571,-5.8471,-0.211689
2.124,0,0.0347527,-5.86717,-0.220893
2.126,0,0.0348535,-5.85951,-0.233165
2.128,0,0.0347527,-5.82643,-0.245437
2.13,0,0.0334432,-5.76162,-0.257709
2.132,0,0.0334432,-5.68602,-0.266913
2.134,0,0.0326374,-5.56434,-0.279185
2.136,0,0.0315293,-5.42119,-0.291456
2.138,0,0.0304212,-5.42119,-0.30066
2.14,0,0.0296154,-5.25896,-0.309864
2.142,0,0.0287088,-5.06169,-0.319068
2.144,0,0.0276007,-4.84221,-0.328272
2.146,0,0.0263919,-4.75441,-0.337476
2.148,0,0.0252839,-4.61333,-0.34668
2.15,0,0.0246795,-4.34487,-0.355884
2.152,0,0.022967,-4.19784,-0.362019
2.154,0,0.0219597,-4.0569,-0.371223
2.156,0,0.0205495,-3.75563,-0.377359
2.158,0,0.0199451,-3.75563,-0.383495
2.16,0,0.0190385,-3.41165,-0.389631
2.162,0,0.0177289,-3.41165,-0.395767
2.164,0,0.0164194,-3.05405,-0.401903
2.166,0,0.0156136,-3.05405,-0.404971
2.168,0,0.0145055,-2.82323,-0.411107
2.17,0,0.0130952,-2.6727,-0.414175
2.172,0,0.013196,-2.6727,-0.420311
2.174,0,0.0117857,-2.27514,-0.423379
2.176,0,0.0100733,-2.24395,-0.426447
2.178,0,0.0100733,-2.24395,-0.429515
2.18,0,0.0089652,-2.24395,-0.432583
2.182,0,0.00846154,-1.6777,-0.435651
2.184,0,0.00775641,-1.76459,-0.438719
2.186,0,0.00755495,-1.76459,-0.441786
2.188,0,0.00624542,-1.76459,-0.441786
2.19,0,0.00513736,-1.70231,-0.444854
2.192,0,0.00473443,-1.33268,-0.444854
2.194,0,0.0046337,-1.095,-0.447922
2.196,0,0.00382784,-0.92917,-0.447922
2.198,0,0.00352564,-1.19281,-0.45099
2.2,0,0.00292125,-1.19281,-0.45099
2.202,0,0.00261905,-1.19281,-0.45099
2.204,0,0.00221612,-1.19281,-0.45099
2.206,0,0.000604396,-1.19281,-0.45099
2.208,0,0.00141026,-1.19018,-0.45099
2.21,0,0.000705128,-0.996786,-0.45099
2.212,0,0.000302198,-0.857275,-0.45099
2.214,0,-0.000201465,-0.752368,-0.45099
2.216,0,-0.00130952,-0.670222,-0.45099
2.218,0,-0.00151099,-0.604079,-0.45099
2.22,0,-0.00151099,-0.550004,-0.45099
2.222,0,-0.00201465,0.504759,-0.447922
2.224,0,-0.00241758,0.466356,-0.447922
2.226,0,-0.00271978,0.433353,-0.444854
2.228,0,-0.00322344,0.404835,-0.444854
2.23,0,-0.00362637,0.379748,-0.444854
2.232,0,-0.00352564,0.391388,-0.441786
2.234,0,-0.0049359,0.391388,-0.441786
2.236,0,-0.0052381,0.391388,-0.438719
2.238,0,-0.0052381,0.391388,-0.438719
2.24,0,-0.00584249,0.391388,-0.435651
2.242,0,-0.00644689,0.391388,-0.432583
2.244,0,-0.00695055,0.391388,-0.432583
2.246,0,-0.00745421,0.676801,-0.429515
2.248,0,-0.00725275,0.676801,-0.426447
2.25,0,-0.00826007,0.676801,-0.423379
2.252,0,-0.00745421,0.676801,-0.423379
2.254,0,-0.00765568,0.676801,-0.420311
2.256,0,-0.00886447,1.06166,-0.417243
2.258,0,-0.008663,1.06166,-0.414175
2.26,0,-0.00906593,1.06166,-0.411107
2.262,0,-0.00967033,1.06166,-0.408039
2.264,0,-0.00977106,1.31532,-0.404971
2.266,0,-0.0100733,1.31532,-0.401903
2.268,0,-0.00977106,1.31532,-0.398835
2.27,0,-0.010174,1.31532,-0.395767
2.272,0,-0.0113828,1.5324,-0.392699
2.274,0,-0.0114835,1.5324,-0.389631
2.276,0,-0.0113828,1.5324,-0.383495
2.278,0,-0.0123901,1.73281,-0.380427
2.28,0,-0.0122894,1.73281,-0.377359
2.282,0,-0.0128938,1.73281,-0.374291
2.284,0,-0.0128938,1.92074,-0.368155
2.286,0,-0.0134982,1.92074,-0.365087
2.288,0,-0.0139011,1.92074,-0.358952
2.29,0,-0.0136996,2.10314,-0.355884
2.292,0,-0.014304,2.10314,-0.349748
2.294,0,-0.0154121,2.10314,-0.34668
2.296,0,-0.0155128,2.2924,-0.340544
2.298,0,-0.0151099,2.2924,-0.334408
2.3,0,-0.0162179,2.48516,-0.33134
2.302,0,-0.0166209,2.48516,-0.325204
2.304,0,-0.0171245,2.67038,-0.319068
2.306,0,-0.0175275,2.67038,-0.312932
2.308,0,-0.0184341,2.85865,-0.306796
2.31,0,-0.0186355,2.85865,-0.30066
2.312,0,-0.0193407,3.05667,-0.294524
2.314,0,-0.0200458,3.05667,-0.288388
2.316,0,-0.0223626,3.24182,-0.282252
2.318,0,-0.0212546,3.24182,-0.273049
2.32,0,-0.0225641,3.43485,-0.266913
2.322,0,-0.0228663,3.43485,-0.260777
2.324,0,-0.0235714,3.63199,-0.251573
2.326,0,-0.0242766,3.82051,-0.242369
2.328,0,-0.0249817,3.82051,-0.236233
2.33,0,-0.025989,4.01422,-0.227029
2.332,0,-0.0267949,4.21188,-0.217825
2.334,0,-0.0275,4.40153,-0.208621
2.336,0,-0.0291117,4.40153,-0.199418
2.338,0,-0.0299176,4.60213,-0.190214
2.34,0,-0.0304212,4.79184,-0.18101
2.342,0,-0.0315293,4.98718,-0.168738
2.344,0,-0.0328388,5.17918,-0.159534
2.346,0,-0.0341484,5.35369,-0.147262
2.348,0,-0.0341484,5.35369,-0.138058
2.35,0,-0.0354579,5.52116,-0.125786
2.352,0,-0.0357601,5.70935,-0.113515
2.354,0,-0.0366667,5.86316,-0.101243
2.356,0,-0.0379762,6.02266,-0.0889709
2.358,0,-0.0387821,6.19634,-0.076699
2.36,0,-0.0389835,6.33449,-0.0644272
2.362,0,-0.0400916,6.59639,-0.0490874
2.364,0,-0.0408974,6.71296,-0.0368155
2.366,0,-0.0413004,6.81769,-0.0214757
2.368,0,-0.0435165,6.94158,-0.00920388
2.37,0,-0.042207,6.99289,0.00613592
2.372,0,-0.0421062,7.07107,0.0214757
2.374,0,-0.0426099,7.1704,0.0337476
2.376,0,-0.0436172,7.20032,0.0490874
2.378,0,-0.0431136,7.24608,0.0644272
2.38,0,-0.0435165,7.26551,0.076699
2.382,0,-0.0425092,7.22724,0.0920388
2.384,0,-0.0427106,7.18983,0.107379
2.386,0,-0.042207,7.17331,0.119651
2.388,0,-0.0416026,7.02196,0.13499
2.39,0,-0.0407967,6.96067,0.147262
2.392,0,-0.0399908,6.84389,0.162602
2.394,0,-0.0390842,6.70944,0.174874
2.396,0,-0.0378755,6.61699,0.187146
2.398,0,-0.0375733,6.46861,0.199418
2.4,0,-0.0365659,6.29644,0.211689
2.402,0,-0.0358608,6.15584,0.223961
2.404,0,-0.0342491,5.96896,0.236233
2.406,0,-0.033544,5.7768,0.248505
2.408,0,-0.0323352,5.62338,0.257709
2.41,0,-0.0314286,5.37084,0.269981
2.412,0,-0.0296154,5.37084,0.279185
2.414,0,-0.030522,5.18444,0.288388
2.416,0,-0.0286081,4.99849,0.297592
2.418,0,-0.0269963,4.73096,0.306796
2.42,0,-0.0257875,4.73096,0.316
2.422,0,-0.0249817,4.48539,0.325204
2.424,0,-0.0237729,4.25751,0.33134
2.426,0,-0.02337,4.25751,0.340544
2.428,0,-0.021859,3.98866,0.34668
2.43,0,-0.0212546,3.75002,0.355884
2.432,0,-0.0199451,3.75002,0.362019
2.434,0,-0.0194414,3.46344,0.368155
2.436,0,-0.0182326,3.46344,0.374291
2.438,0,-0.0178297,3.15208,0.380427
2.44,0,-0.0170238,3.15208,0.386563
2.442,0,-0.0163187,2.92012,0.392699
2.444,0,-0.0155128,2.92012,0.395767
2.446,0,-0.014304,2.92012,0.401903
2.448,0,-0.0146062,2.62135,0.404971
2.45,0,-0.0132967,2.62135,0.411107
2.452,0,-0.0126923,2.38671,0.414175
2.454,0,-0.011685,2.2974,0.417243
2.456,0,-0.0113828,2.2974,0.423379
2.458,0,-0.0107784,2.25571,0.426447
2.46,0,-0.0104762,1.98298,0.429515
2.462,0,-0.00977106,1.98298,0.432583
2.464,0,-0.0092674,1.98298,0.435651
2.466,0,-0.00886447,1.82652,0.438719
2.468,0,-0.00785714,1.64794,0.441786
2.47,0,-0.00745421,1.64794,0.441786
2.472,0,-0.00735348,1.64794,0.444854
2.474,0,-0.00684982,1.64794,0.447922
2.476,0,-0.00604396,1.46179,0.45099
2.478,0,-0.00564103,1.18021,0.45099
2.48,0,-0.00483516,1.2653,0.454058
2.482,0,-0.0040293,1.2653,0.454058
2.484,0,-0.00332418,1.2653,0.457126
2.486,0,-0.00251832,1.2653,0.457126
2.488,0,-0.00251832,1.2653,0.457126
2.49,0,-0.00231685,1.14124,0.460194
2.492,0,-0.00191392,0.96163,0.460194
2.494,0,-0.00161172,0.831683,0.460194
2.496,0,-0.000503663,0.732722,0.460194
2.498,0,-0.000201465,0.654133,0.460194
2.5,0,0.000805861,0.591165,0.463262
2.502,0,0.00040293,0.539278,0.463262
2.504,0,0.000906593,0.495714,0.463262
2.506,0,0.00151099,0.458591,0.463262
2.508,0,0.00171245,0.42679,0.463262
2.51,0,0.00161172,-0.39903,0.460194
2.512,0,0.00292125,-0.374592,0.460194
2.514,0,0.00271978,-0.353067,0.460194
2.516,0,0.00332418,-0.333866,0.460194
2.518,0,0.00322344,-0.756155,0.457126
2.52,0,0.0040293,-0.756155,0.457126
2.522,0,0.0043315,-0.756155,0.457126
2.524,0,0.0049359,-0.756155,0.454058
2.526,0,0.00574176,-0.756155,0.454058
2.528,0,0.00574176,-0.756155,0.45099
2.53,0,0.00614469,-0.756155,0.45099
2.532,0,0.00664835,-0.756155,0.447922
2.534,0,0.00654762,-0.32453,0.444854
2.536,0,0.00755495,-0.32453,0.444854
2.538,0,0.00805861,-0.32453,0.441786
2.54,0,0.00805861,-0.32453,0.438719
2.542,0,0.0092674,-0.32453,0.435651
2.544,0,0.00977106,-1.05012,0.432583
2.546,0,0.0100733,-1.05012,0.429515
2.548,0,0.00967033,-1.05012,0.426447
2.55,0,0.0115842,-1.05012,0.423379
2.552,0,0.0118864,-1.46571,0.420311
2.554,0,0.0119872,-1.46571,0.414175
2.556,0,0.0128938,-1.46571,0.411107
2.558,0,0.0138004,-1.81341,0.408039
2.56,0,0.0148077,-1.81341,0.401903
2.562,0,0.0152106,-1.81341,0.398835
2.564,0,0.015815,-2.12614,0.392699
2.566,0,0.0161172,-2.12614,0.386563
2.568,0,0.0174267,-2.42578,0.383495
2.57,0,0.0172253,-2.42578,0.377359
2.572,0,0.0180311,-2.685,0.371223
2.574,0,0.0186355,-2.685,0.365087
2.576,0,0.0190385,-2.96997,0.358952
2.578,0,0.0205495,-2.96997,0.352816
2.58,0,0.0217582,-3.23507,0.343612
2.582,0,0.0227656,-3.23507,0.337476
2.584,0,0.0230678,-3.43569,0.33134
2.586,0,0.0232692,-3.68753,0.322136
2.588,0,0.0246795,-3.68753,0.316
2.59,0,0.024881,-3.90844,0.306796
2.592,0,0.0253846,-4.1093,0.297592
2.594,0,0.0289103,-4.1093,0.288388
2.596,0,0.0272985,-4.31039,0.279185
2.598,0,0.0288095,-4.47565,0.269981
2.6,0,0.0292125,-4.63288,0.260777
2.602,0,0.0297161,-4.63288,0.251573
2.604,0,0.0308242,-4.83347,0.242369
2.606,0,0.0309249,-4.92785,0.233165
2.608,0,0.0311264,-5.02418,0.220893
2.61,0,0.0317308,-5.15856,0.211689
2.612,0,0.0322344,-5.21054,0.199418
2.614,0,0.0319322,-5.21054,0.190214
2.616,0,0.0319322,-5.2953,0.177942
2.618,0,0.0319322,-5.33742,0.168738
2.62,0,0.0323352,-5.33588,0.156466
2.622,0,0.0319322,-5.35726,0.147262
2.624,0,0.0319322,-5.35479,0.13499
2.626,0,0.03163,-5.28434,0.125786
2.628,0,0.0313278,-5.28434,0.116583
2.63,0,0.0309249,-5.24379,0.104311
2.632,0,0.030119,-5.18018,0.0951068
2.634,0,0.0294139,-5.05722,0.0859029
2.636,0,0.0293132,-4.95232,0.076699
2.638,0,0.0281044,-4.81574,0.0644272
2.64,0,0.0268956,-4.81574,0.0582913
2.642,0,0.0270971,-4.65595,0.0490874
2.644,0,0.0256868,-4.47889,0.0398835
2.646,0,0.0249817,-4.47889,0.0306796
2.648,0,0.024478,-4.31062,0.0214757
2.65,0,0.0232692,-4.10397,0.0153398
2.652,0,0.0231685,-4.10397,0.00613592
2.654,0,0.0232692,-3.86077,0
2.656,0,0.0219597,-3.71633,-0.00613592
2.658,0,0.0197436,-3.63108,-0.0122718
2.66,0,0.0190385,-3.3925,-0.0214757
2.662,0,0.0180311,-3.3925,-0.0245437
2.664,0,0.0176282,-3.03946,-0.0306796
2.666,0,0.0167216,-3.1065,-0.0368155
2.668,0,0.0152106,-3.1065,-0.0429515
2.67,0,0.0156136,-2.81572,-0.0490874
2.672,0,0.0144048,-2.81572,-0.0521553
2.674,0,0.0132967,-2.51385,-0.0582913
2.676,0,0.0122894,-2.51385,-0.0613592
2.678,0,0.0130952,-2.51385,-0.0644272
2.68,0,0.0120879,-2.17814,-0.0705631
2.682,0,0.0112821,-2.17814,-0.0736311
2.684,0,0.0105769,-2.17814,-0.076699
2.686,0,0.0100733,-2.03693,-0.079767
2.688,0,0.0095696,-1.82115,-0.082835
2.69,0,0.00856227,-1.82115,-0.0859029
2.692,0,0.00815934,-1.82115,-0.0859029
2.694,0,0.00775641,-1.82115,-0.0889709
2.696,0,0.00574176,-1.44142,-0.0920388
2.698,0,0.00624542,-1.4168,-0.0951068
2.7,0,0.0052381,-1.4168,-0.0951068
2.702,0,0.00564103,-1.4168,-0.0981748
2.704,0,0.00453297,-1.4168,-0.0981748
2.706,0,0.00453297,-1.4168,-0.101243
2.708,0,0.0040293,-1.19407,-0.101243
2.71,0,0.00342491,-0.998973,-0.101243
2.712,0,0.00292125,-0.859083,-0.104311
2.714,0,0.00282051,-0.753717,-0.104311
2.716,0,0.00251832,-0.671282,-0.104311
2.718,0,0.00181319,-0.605072,-0.104311
2.72,0,0.00151099,-0.550771,-0.104311
2.722,0,0.00110806,-0.505459,-0.104311
2.724,0,0.000705128,-0.467035,-0.104311
2.726,0,0.000100733,-0.433968,-0.104311
2.728,0,-0.000201465,-0.405238,-0.104311
2.73,0,-0.000604396,-0.380133,-0.104311
2.732,0,-0.00110806,-0.357933,-0.104311
2.734,0,-0.00161172,-0.338226,-0.104311
2.736,0,-0.00221612,-0.320534,-0.104311
2.738,0,-0.00251832,0.304668,-0.101243
2.74,0,-0.00292125,0.290262,-0.101243
2.742,0,-0.00251832,0.277151,-0.101243
2.744,0,-0.00312271,0.905528,-0.0981748
2.746,0,-0.00352564,0.905528,-0.0981748
2.748,0,-0.00372711,0.905528,-0.0951068
2.75,0,-0.00423077,0.905528,-0.0951068
2.752,0,-0.0049359,0.905528,-0.0920388
2.754,0,-0.00554029,0.905528,-0.0920388
2.756,0,-0.00594322,0.883048,-0.0889709
2.758,0,-0.00695055,0.271146,-0.0859029
2.76,0,-0.00735348,0.271146,-0.0859029
2.762,0,-0.00725275,0.271146,-0.082835
2.764,0,-0.00805861,0.271146,-0.079767
2.766,0,-0.0095696,0.271146,-0.076699
2.768,0,-0.00916667,1.0367,-0.0736311
2.77,0,-0.008663,1.0367,-0.0705631
2.772,0,-0.00977106,1.0367,-0.0674952
2.774,0,-0.010174,1.0367,-0.0644272
2.776,0,-0.0102747,1.37279,-0.0613592
2.778,0,-0.0103755,1.37279,-0.0582913
2.78,0,-0.011685,1.37279,-0.0552233
2.782,0,-0.0118864,1.37279,-0.0521553
2.784,0,-0.0115842,1.66298,-0.0490874
2.786,0,-0.0128938,1.66298,-0.0429515
2.788,0,-0.0123901,1.66298,-0.0398835
2.79,0,-0.0133974,1.92401,-0.0337476
2.792,0,-0.0141026,1.92401,-0.0306796
2.794,0,-0.0146062,2.16883,-0.0245437
2.796,0,-0.0155128,2.16883,-0.0214757
2.798,0,-0.0155128,2.16883,-0.0153398
2.8,0,-0.0177289,2.41294,-0.00920388
2.802,0,-0.0176282,2.41294,-0.00613592
2.804,0,-0.0174267,2.62684,0
2.806,0,-0.0179304,2.62684,0.00613592
2.808,0,-0.0187363,2.84686,0.0122718
2.81,0,-0.0196429,2.84686,0.0184078
2.812,0,-0.0194414,3.07239,0.0245437
2.814,0,-0.0198443,3.07239,0.0306796
2.816,0,-0.0219597,3.26515,0.0398835
2.818,0,-0.0220604,3.26515,0.0460194
2.82,0,-0.0222619,3.45142,0.0521553
2.822,0,-0.0226648,3.65348,0.0613592
2.824,0,-0.0227656,3.65348,0.0674952
2.826,0,-0.0239744,3.83995,0.076699
2.828,0,-0.0247802,3.99707,0.0859029
2.83,0,-0.0251832,3.99707,0.0951068
2.832,0,-0.0263919,4.15016,0.101243
2.834,0,-0.0272985,4.31584,0.110447
2.836,0,-0.0277015,4.31584,0.119651
2.838,0,-0.0277015,4.45302,0.128854
2.84,0,-0.0282051,4.57334,0.138058
2.842,0,-0.0293132,4.70892,0.147262
2.844,0,-0.0295147,4.80333,0.159534
2.846,0,-0.0302198,4.80333,0.168738
2.848,0,-0.0299176,4.87698,0.177942
2.85,0,-0.0310256,4.97367,0.187146
2.852,0,-0.0304212,5.02435,0.199418
2.854,0,-0.030522,5.05332,0.208621
2.856,0,-0.0306227,5.05332,0.217825
2.858,0,-0.0308242,5.10002,0.230097
2.86,0,-0.0310256,5.0986,0.239301
2.862,0,-0.0304212,5.08414,0.248505
2.864,0,-0.0299176,5.09326,0.257709
2.866,0,-0.0296154,5.00299,0.269981
2.868,0,-0.0288095,5.00299,0.279185
2.87,0,-0.0300183,4.96442,0.288388
2.872,0,-0.0285073,4.91932,0.297592
2.874,0,-0.0282051,4.7831,0.306796
2.876,0,-0.0272985,4.7831,0.316
2.878,0,-0.0267949,4.65845,0.325204
2.88,0,-0.0262912,4.53882,0.334408
2.882,0,-0.0251832,4.36822,0.343612
2.884,0,-0.0246795,4.36822,0.352816
2.886,0,-0.0234707,4.21642,0.358952
2.888,0,-0.0227656,4.02645,0.368155
2.89,0,-0.0222619,4.02645,0.374291
2.892,0,-0.021456,3.80547,0.380427
2.894,0,-0.0210531,3.80547,0.389631
2.896,0,-0.0201465,3.63461,0.395767
2.898,0,-0.0187363,3.63461,0.401903
2.9,0,-0.0183333,3.38395,0.408039
2.902,0,-0.0178297,3.38395,0.414175
2.904,0,-0.0175275,3.11566,0.420311
2.906,0,-0.0167216,3.11566,0.426447
2.908,0,-0.0152106,2.86155,0.429515
2.91,0,-0.0146062,2.86155,0.435651
2.912,0,-0.0129945,2.45141,0.438719
2.914,0,-0.0130952,2.56856,0.444854
2.916,0,-0.0124908,2.56856,0.447922
2.918,0,-0.0115842,2.24701,0.454058
2.92,0,-0.0111813,2.24701,0.457126
2.922,0,-0.0103755,2.24701,0.460194
2.924,0,-0.00987179,2.02671,0.463262
2.926,0,-0.0092674,1.89619,0.46633
2.928,0,-0.00856227,1.89619,0.469398
2.93,0,-0.00906593,1.89619,0.472466
2.932,0,-0.00735348,1.77935,0.472466
2.934,0,-0.00705128,1.37927,0.475534
2.936,0,-0.00644689,1.49289,0.478602
2.938,0,-0.00604396,1.49289,0.478602
2.94,0,-0.00443223,1.49289,0.48167
2.942,0,-0.00413004,1.49289,0.48167
2.944,0,-0.00302198,1.32631,0.484738
2.946,0,-0.00261905,1.09,0.484738
2.948,0,-0.00261905,0.925902,0.487806
2.95,0,-0.00151099,0.804491,0.487806
2.952,0,-0.00110806,0.711127,0.487806
2.954,0,-0.00040293,0.637419,0.487806
2.956,0,0.000201465,0.57723,0.487806
2.958,0,0.000705128,0.527733,0.487806
2.96,0,0.000805861,0.48583,0.487806
2.962,0,0.00201465,0.450229,0.487806
2.964,0,0.00261905,0.419507,0.487806
2.966,0,0.00261905,0.392604,0.487806
2.968,0,0.00261905,0.369025,0.487806
2.97,0,0.00342491,0.348102,0.487806
2.972,0,0.00332418,-0.329347,0.484738
2.974,0,0.00382784,-0.312574,0.484738
2.976,0,0.00443223,-0.297421,0.484738
2.978,0,0.00423077,-0.978602,0.48167
2.98,0,0.00483516,-0.978602,0.48167
2.982,0,0.00574176,-0.978602,0.478602
2.984,0,0.00624542,-0.978602,0.478602
2.986,0,0.00644689,-0.978602,0.475534
2.988,0,0.00684982,-0.978602,0.472466
2.99,0,0.00684982,-0.909333,0.472466
2.992,0,0.00745421,-0.289797,0.469398
2.994,0,0.00815934,-0.289797,0.46633
2.996,0,0.0089652,-0.289797,0.463262
2.998,0,0.00886447,-0.289797,0.460194
3,0,0.00967033,-1.14198,0.457126
3.002,0,0.0102747,-1.14198,0.454058
3.004,0,0.0103755,-1.14198,0.45099
3.006,0,0.0109799,-1.14198,0.447922
3.008,0,0.0109799,-1.49905,0.444854
3.01,0,0.0125916,-1.49905,0.441786
3.012,0,0.0122894,-1.49905,0.435651
3.014,0,0.0128938,-1.79723,0.432583
3.016,0,0.0134982,-1.79723,0.429515
3.018,0,0.014304,-1.79723,0.423379
3.02,0,0.0142033,-2.06018,0.420311
3.022,0,0.0152106,-2.06018,0.414175
3.024,0,0.0160165,-2.06018,0.408039
3.026,0,0.0159158,-2.30266,0.404971
3.028,0,0.0164194,-2.30266,0.398835
3.03,0,0.0169231,-2.53166,0.392699
3.032,0,0.0177289,-2.53166,0.389631
3.034,0,0.0184341,-2.75724,0.383495
3.036,0,0.0189377,-2.75724,0.377359
3.038,0,0.0196429,-2.93503,0.368155
3.04,0,0.0207509,-2.93503,0.362019
3.042,0,0.0209524,-3.15172,0.355884
3.044,0,0.0217582,-3.15172,0.349748
3.046,0,0.0220604,-3.35444,0.343612
3.048,0,0.0219597,-3.49274,0.334408
3.05,0,0.02337,-3.49274,0.328272
3.052,0,0.0238736,-3.68194,0.319068
3.054,0,0.0239744,-3.68194,0.312932
3.056,0,0.0245788,-3.84167,0.303728
3.058,0,0.0249817,-3.98498,0.294524
3.06,0,0.0256868,-3.98498,0.288388
3.062,0,0.0260897,-4.13412,0.279185
3.064,0,0.0265934,-4.24936,0.269981
3.066,0,0.0270971,-4.3567,0.260777
3.068,0,0.0278022,-4.3567,0.251573
3.07,0,0.0277015,-4.50964,0.242369
3.072,0,0.0286081,-4.56304,0.233165
3.074,0,0.0289103,-4.6227,0.223961
3.076,0,0.0287088,-4.6227,0.214757
3.078,0,0.0287088,-4.72188,0.205553
3.08,0,0.0291117,-4.74603,0.19635
3.082,0,0.0286081,-4.802,0.187146
3.084,0,0.0291117,-4.802,0.177942
3.086,0,0.0293132,-4.82537,0.16567
3.088,0,0.0292125,-4.811,0.156466
3.09,0,0.0287088,-4.82005,0.147262
3.092,0,0.0289103,-4.8112,0.138058
3.094,0,0.0283059,-4.8112,0.128854
3.096,0,0.0289103,-4.74346,0.119651
3.098,0,0.0279029,-4.70684,0.110447
3.1,0,0.0273993,-4.65158,0.101243
3.102,0,0.0275,-4.65158,0.0920388
3.104,0,0.0263919,-4.5441,0.082835
3.106,0,0.0264927,-4.45715,0.0736311
3.108,0,0.0253846,-4.34329,0.0644272
3.11,0,0.0250824,-4.34329,0.0582913
3.112,0,0.024478,-4.21104,0.0490874
3.114,0,0.0240751,-4.06422,0.0398835
3.116,0,0.0232692,-4.06422,0.0337476
3.118,0,0.0232692,-3.92931,0.0276117
3.12,0,0.0224634,-3.92931,0.0184078
3.122,0,0.0216575,-3.75963,0.0122718
3.124,0,0.0207509,-3.53908,0.00613592
3.126,0,0.021456,-3.55978,-0.00306796
3.128,0,0.0196429,-3.37355,-0.00920388
3.13,0,0.0190385,-3.37355,-0.0153398
3.132,0,0.0174267,-3.1808,-0.0214757
3.134,0,0.0164194,-3.1808,-0.0245437
3.136,0,0.0168223,-2.9298,-0.0306796
3.138,0,0.0162179,-2.94643,-0.0368155
3.14,0,0.0155128,-2.94643,-0.0429515
3.142,0,0.0148077,-2.70945,-0.0460194
3.144,0,0.0151099,-2.70945,-0.0521553
3.146,0,0.0140018,-2.38575,-0.0552233
3.148,0,0.0130952,-2.46304,-0.0613592
3.15,0,0.0125916,-2.46304,-0.0644272
3.152,0,0.0121886,-2.08614,-0.0674952
3.154,0,0.011685,-2.18537,-0.0736311
3.156,0,0.0104762,-2.18537,-0.076699
3.158,0,0.0106777,-2.07663,-0.079767
3.16,0,0.00977106,-1.89168,-0.082835
3.162,0,0.0095696,-1.89168,-0.0859029
3.164,0,0.0095696,-1.89168,-0.0889709
3.166,0,0.00775641,-1.79234,-0.0920388
3.168,0,0.00815934,-1.38755,-0.0920388
3.17,0,0.00765568,-1.55922,-0.0951068
3.172,0,0.00664835,-1.55922,-0.0981748
3.174,0,0.00543956,-1.55922,-0.0981748
3.176,0,0.00594322,-1.53898,-0.101243
3.178,0,0.00554029,-1.22971,-0.104311
3.18,0,0.00483516,-1.02464,-0.104311
3.182,0,0.0043315,-1.16062,-0.107379
3.184,0,0.00413004,-1.16062,-0.107379
3.186,0,0.00382784,-1.16062,-0.107379
3.188,0,0.00342491,-1.16062,-0.110447
3.19,0,0.00292125,-1.16062,-0.110447
3.192,0,0.00241758,-1.13725,-0.110447
3.194,0,0.00251832,-0.959258,-0.110447
3.196,0,0.00130952,-0.82968,-0.110447
3.198,0,0.000604396,-0.731086,-0.110447
3.2,0,0.00040293,-0.653172,-0.110447
3.202,0,-0.000100733,-0.590384,-0.110447
3.204,0,0.00040293,-0.538394,-0.110447
3.206,0,-0.00040293,-0.495004,-0.110447
3.208,0,-0.000906593,-0.458233,-0.110447
3.21,0,-0.00151099,-0.426204,-0.110447
3.212,0,-0.00221612,-0.398654,-0.110447
3.214,0,-0.00191392,0.374303,-0.107379
3.216,0,-0.00241758,0.352718,-0.107379
3.218,0,-0.00292125,0.333565,-0.107379
3.22,0,-0.00362637,0.316351,-0.104311
3.222,0,-0.00423077,0.300887,-0.104311
3.224,0,-0.0049359,0.286769,-0.101243
3.226,0,-0.00584249,0.273987,-0.101243
3.228,0,-0.00674908,0.273255,-0.0981748
3.23,0,-0.00664835,0.273255,-0.0951068
3.232,0,-0.00725275,0.273255,-0.0951068
3.234,0,-0.00785714,0.273255,-0.0920388
3.236,0,-0.00795788,0.273255,-0.0889709
3.238,0,-0.00836081,0.907435,-0.0859029
3.24,0,-0.00876374,0.907435,-0.082835
3.242,0,-0.00916667,0.907435,-0.079767
3.244,0,-0.00977106,0.907435,-0.076699
3.246,0,-0.00977106,1.32347,-0.0736311
3.248,0,-0.0108791,1.32347,-0.0705631
3.25,0,-0.0111813,1.32347,-0.0674952
3.252,0,-0.0118864,1.32347,-0.0644272
3.254,0,-0.0125916,1.64024,-0.0613592
3.256,0,-0.0124908,1.64024,-0.0552233
3.258,0,-0.013196,1.64024,-0.0521553
3.26,0,-0.0139011,1.91652,-0.0460194
3.262,0,-0.0140018,1.91652,-0.0429515
3.264,0,-0.0141026,2.15983,-0.0368155
3.266,0,-0.0153114,2.15983,-0.0337476
3.268,0,-0.0152106,2.15983,-0.0276117
3.27,0,-0.0159158,2.37997,-0.0245437
3.272,0,-0.0167216,2.37997,-0.0184078
3.274,0,-0.0182326,2.59212,-0.0122718
3.276,0,-0.0180311,2.59212,-0.00613592
3.278,0,-0.0182326,2.76219,0
3.28,0,-0.0185348,2.76219,0.00613592
3.282,0,-0.0190385,2.92909,0.0122718
3.284,0,-0.0189377,2.92909,0.0184078
3.286,0,-0.0197436,3.09226,0.0245437
3.288,0,-0.0197436,3.09226,0.0306796
3.29,0,-0.0202473,3.21011,0.0368155
3.292,0,-0.0208516,3.21011,0.0429515
3.294,0,-0.0212546,3.31356,0.0490874
3.296,0,-0.0204487,3.31356,0.0582913
3.298,0,-0.021456,3.41982,0.0644272
3.3,0,-0.0216575,3.41982,0.0705631
3.302,0,-0.0220604,3.50199,0.079767
3.304,0,-0.0215568,3.54528,0.0859029
3.306,0,-0.0221612,3.54528,0.0920388
3.308,0,-0.0216575,3.57421,0.101243
3.31,0,-0.021859,3.57421,0.107379
3.312,0,-0.0222619,3.60293,0.113515
3.314,0,-0.021859,3.59585,0.122718
3.316,0,-0.0217582,3.59585,0.128854
3.318,0,-0.0210531,3.56341,0.13499
3.32,0,-0.0210531,3.56341,0.144194
3.322,0,-0.0216575,3.53152,0.15033
3.324,0,-0.0206502,3.53152,0.156466
3.326,0,-0.0206502,3.45517,0.162602
3.328,0,-0.020348,3.38071,0.168738
3.33,0,-0.0197436,3.35043,0.174874
3.332,0,-0.0187363,3.25814,0.184078
3.334,0,-0.0184341,3.25814,0.187146
3.336,0,-0.0183333,3.12092,0.19635
3.338,0,-0.0182326,3.12092,0.199418
3.34,0,-0.0171245,3.03058,0.205553
3.342,0,-0.0168223,2.95629,0.211689
3.344,0,-0.0162179,2.95629,0.217825
3.346,0,-0.0154121,2.78967,0.220893
3.348,0,-0.014707,2.78967,0.227029
3.35,0,-0.0145055,2.57949,0.233165
3.352,0,-0.0142033,2.57949,0.236233
3.354,0,-0.013196,2.57949,0.242369
3.356,0,-0.0123901,2.34255,0.245437
3.358,0,-0.0124908,2.34255,0.248505
3.36,0,-0.0113828,2.34255,0.254641
3.362,0,-0.0111813,2.09185,0.257709
3.364,0,-0.010174,2.09185,0.260777
3.366,0,-0.010174,2.09185,0.263845
3.368,0,-0.00906593,1.90878,0.266913
3.37,0,-0.008663,1.7689,0.269981
3.372,0,-0.00856227,1.7689,0.273049
3.374,0,-0.00765568,1.7689,0.273049
3.376,0,-0.00745421,1.7689,0.276117
3.378,0,-0.00664835,1.37977,0.279185
3.38,0,-0.00543956,1.41309,0.282252
3.382,0,-0.00423077,1.41309,0.282252
3.384,0,-0.0052381,1.41309,0.28532
3.386,0,-0.00392857,1.41309,0.28532
3.388,0,-0.00342491,1.40885,0.288388
3.39,0,-0.00302198,1.14526,0.288388
3.392,0,-0.00251832,0.96523,0.288388
3.394,0,-0.00191392,0.833862,0.291456
3.396,0,-0.00211538,0.734331,0.291456
3.398,0,-0.000805861,0.655566,0.291456
3.4,0,-0.000503663,0.59249,0.291456
3.402,0,0.000201465,0.540214,0.291456
3.404,0,0.00100733,0.496466,0.291456
3.406,0,0.000302198,0.459402,0.291456
3.408,0,0.00181319,0.427357,0.291456
3.41,0,0.00271978,0.399544,0.291456
3.412,0,0.00292125,0.375161,0.291456
3.414,0,0.00322344,0.353469,0.291456
3.416,0,0.00372711,-0.334244,0.288388
3.418,0,0.00362637,-0.316999,0.288388
3.42,0,0.0043315,-0.301382,0.288388
3.422,0,0.0040293,-0.938172,0.28532
3.424,0,0.00473443,-0.938172,0.28532
3.426,0,0.00473443,-0.938172,0.282252
3.428,0,0.00604396,-0.938172,0.282252
3.43,0,0.00634615,-0.938172,0.279185
3.432,0,0.00624542,-0.938172,0.279185
3.434,0,0.00715201,-0.938172,0.276117
3.436,0,0.00705128,-0.290061,0.273049
3.438,0,0.00664835,-0.290061,0.269981
3.44,0,0.00795788,-0.290061,0.269981
3.442,0,0.00836081,-0.290061,0.266913
3.444,0,0.008663,-0.290061,0.263845
3.446,0,0.00876374,-1.1032,0.260777
3.448,0,0.00977106,-1.1032,0.257709
3.45,0,0.0104762,-1.1032,0.254641
3.452,0,0.010174,-1.1032,0.251573
3.454,0,0.0109799,-1.45522,0.248505
3.456,0,0.0115842,-1.45522,0.245437
3.458,0,0.0114835,-1.45522,0.239301
3.46,0,0.0126923,-1.71777,0.236233
3.462,0,0.0125916,-1.71777,0.233165
3.464,0,0.013196,-1.71777,0.227029
3.466,0,0.012793,-1.9494,0.223961
3.468,0,0.0142033,-1.9494,0.220893
3.47,0,0.0150092,-1.9494,0.214757
3.472,0,0.0145055,-2.18102,0.208621
3.474,0,0.0157143,-2.18102,0.205553
3.476,0,0.0157143,-2.36628,0.199418
3.478,0,0.015815,-2.36628,0.19635
3.48,0,0.0165201,-2.36628,0.190214
3.482,0,0.0167216,-2.55762,0.184078
3.484,0,0.0177289,-2.55762,0.177942
3.486,0,0.018837,-2.72733,0.171806
3.488,0,0.0182326,-2.72733,0.16567
3.49,0,0.0186355,-2.87261,0.159534
3.492,0,0.0193407,-2.87261,0.153398
3.494,0,0.0193407,-3.02872,0.147262
3.496,0,0.0201465,-3.02872,0.141126
3.498,0,0.0198443,-3.17089,0.13499
3.5,0,0.0209524,-3.17089,0.128854
3.502,0,0.0210531,-3.27505,0.122718
3.504,0,0.0222619,-3.39676,0.113515
3.506,0,0.0216575,-3.39676,0.107379
3.508,0,0.0224634,-3.50702,0.101243
3.51,0,0.0228663,-3.50702,0.0920388
3.512,0,0.0225641,-3.57516,0.0859029
3.514,0,0.0228663,-3.6591,0.076699
3.516,0,0.0228663,-3.6591,0.0705631
3.518,0,0.0230678,-3.71946,0.0644272
3.52,0,0.0226648,-3.71946,0.0552233
3.522,0,0.0230678,-3.76418,0.0490874
3.524,0,0.0228663,-3.79351,0.0398835
3.526,0,0.0230678,-3.79351,0.0337476
3.528,0,0.0231685,-3.83156,0.0245437
3.53,0,0.0232692,-3.83156,0.0184078
3.532,0,0.0225641,-3.83617,0.00920388
3.534,0,0.0243773,-3.80768,0.00306796
3.536,0,0.0254853,-3.80768,-0.00613592
3.538,0,0.0225641,-3.79395,-0.0122718
3.54,0,0.0219597,-3.7716,-0.0214757
3.542,0,0.0225641,-3.7716,-0.0276117
3.544,0,0.0217582,-3.70297,-0.0337476
3.546,0,0.0219597,-3.70297,-0.0429515
3.548,0,0.0220604,-3.6322,-0.0490874
3.55,0,0.0212546,-3.62701,-0.0552233
3.552,0,0.0209524,-3.5569,-0.0644272
3.554,0,0.0204487,-3.45182,-0.0705631
3.556,0,0.0195421,-3.45182,-0.076699
3.558,0,0.0193407,-3.34163,-0.082835
3.56,0,0.0190385,-3.34163,-0.0889709
3.562,0,0.0184341,-3.21161,-0.0951068
3.564,0,0.0182326,-3.21161,-0.101243
3.566,0,0.0181319,-3.062,-0.107379
3.568,0,0.0171245,-3.062,-0.113515
3.57,0,0.0167216,-2.90417,-0.119651
3.572,0,0.0170238,-2.90417,-0.122718
3.574,0,0.0161172,-2.90417,-0.128854
3.576,0,0.0150092,-2.73035,-0.13499
3.578,0,0.0152106,-2.73035,-0.138058
3.58,0,0.0145055,-2.52684,-0.144194
3.582,0,0.0136996,-2.52684,-0.147262
3.584,0,0.0132967,-2.52684,-0.153398
3.586,0,0.0125916,-2.31005,-0.156466
3.588,0,0.0124908,-2.31005,-0.159534
3.59,0,0.0114835,-2.31005,-0.16567
3.592,0,0.0115842,-2.07512,-0.168738
3.594,0,0.0106777,-2.07512,-0.171806
3.596,0,0.0100733,-2.07512,-0.174874
3.598,0,0.00977106,-1.85905,-0.177942
3.6,0,0.00977106,-1.79695,-0.18101
3.602,0,0.0092674,-1.79695,-0.184078
3.604,0,0.00916667,-1.79695,-0.187146
3.606,0,0.00795788,-1.70413,-0.190214
3.608,0,0.00755495,-1.33409,-0.190214
3.61,0,0.00674908,-1.48573,-0.193282
3.612,0,0.00624542,-1.48573,-0.19635
3.614,0,0.00574176,-1.48573,-0.19635
3.616,0,0.00533883,-1.48573,-0.199418
3.618,0,0.0052381,-1.24242,-0.199418
3.62,0,0.0046337,-1.03265,-0.202485
3.622,0,0.00413004,-0.884068,-0.202485
3.624,0,0.00362637,-1.09797,-0.205553
3.626,0,0.00332418,-1.09797,-0.205553
3.628,0,0.00322344,-1.09797,-0.205553
3.63,0,0.00282051,-1.09797,-0.208621
3.632,0,0.00231685,-1.09797,-0.208621
3.634,0,0.00191392,-1.06799,-0.208621
3.636,0,0.00181319,-0.910005,-0.208621
3.638,0,0.000503663,-0.792398,-0.208621
3.64,0,0.000302198,-0.701818,-0.208621
3.642,0,0.000201465,-0.629732,-0.208621
3.644,0,-0.00100733,-0.571017,-0.208621
3.646,0,-0.000805861,-0.522448,-0.208621
3.648,0,-0.00171245,-0.481444,-0.208621
3.65,0,-0.00201465,0.446497,-0.205553
3.652,0,-0.00201465,0.416189,-0.205553
3.654,0,-0.00251832,0.389739,-0.205553
3.656,0,-0.00271978,0.366419,-0.202485
3.658,0,-0.00372711,0.345832,-0.202485
3.66,0,-0.00342491,0.327385,-0.199418
3.662,0,-0.00413004,0.310774,-0.199418
3.664,0,-0.00543956,0.301076,-0.19635
3.666,0,-0.00664835,0.301076,-0.19635
3.668,0,-0.00654762,0.301076,-0.193282
3.67,0,-0.00654762,0.301076,-0.193282
3.672,0,-0.00715201,0.301076,-0.190214
3.674,0,-0.00836081,0.301076,-0.187146
3.676,0,-0.008663,0.82609,-0.184078
3.678,0,-0.008663,0.82609,-0.18101
3.68,0,-0.00876374,0.82609,-0.18101
3.682,0,-0.00916667,0.82609,-0.177942
3.684,0,-0.00936813,0.82609,-0.174874
3.686,0,-0.00987179,1.24023,-0.171806
3.688,0,-0.00987179,1.24023,-0.168738
3.69,0,-0.0109799,1.24023,-0.162602
3.692,0,-0.0106777,1.53888,-0.159534
3.694,0,-0.0110806,1.53888,-0.156466
3.696,0,-0.0109799,1.53888,-0.153398
3.698,0,-0.0114835,1.78026,-0.147262
3.7,0,-0.0132967,1.78026,-0.144194
3.702,0,-0.012793,1.78026,-0.141126
3.704,0,-0.0133974,1.98372,-0.13499
3.706,0,-0.0135989,1.98372,-0.131922
3.708,0,-0.0141026,1.98372,-0.128854
3.71,0,-0.014304,2.16833,-0.122718
3.712,0,-0.0153114,2.16833,-0.119651
3.714,0,-0.014707,2.16833,-0.113515
3.716,0,-0.0151099,2.31636,-0.107379
3.718,0,-0.0160165,2.31636,-0.104311
3.72,0,-0.0159158,2.44789,-0.0981748
3.722,0,-0.0161172,2.44789,-0.0920388
3.724,0,-0.0165201,2.44789,-0.0889709
3.726,0,-0.0165201,2.56689,-0.082835
3.728,0,-0.0162179,2.56689,-0.076699
3.73,0,-0.0169231,2.65473,-0.0705631
3.732,0,-0.0172253,2.65473,-0.0674952
3.734,0,-0.017326,2.71899,-0.0613592
3.736,0,-0.0172253,2.71899,-0.0552233
3.738,0,-0.0169231,2.77337,-0.0490874
3.74,0,-0.0169231,2.77337,-0.0429515
3.742,0,-0.0168223,2.80155,-0.0368155
3.744,0,-0.0166209,2.80155,-0.0337476
3.746,0,-0.0172253,2.80155,-0.0276117
3.748,0,-0.0169231,2.80957,-0.0214757
3.75,0,-0.0168223,2.80957,-0.0153398
3.752,0,-0.0176282,2.81019,-0.00920388
3.754,0,-0.0174267,2.81019,-0.00613592
3.756,0,-0.0167216,2.76528,0
3.758,0,-0.0162179,2.76528,0.00613592
3.76,0,-0.0157143,2.7123,0.0122718
3.762,0,-0.0163187,2.7123,0.0153398
3.764,0,-0.0153114,2.7123,0.0214757
3.766,0,-0.0150092,2.65078,0.0276117
3.768,0,-0.0149084,2.65078,0.0306796
3.77,0,-0.0142033,2.54186,0.0368155
3.772,0,-0.0140018,2.54186,0.0398835
3.774,0,-0.0141026,2.54186,0.0460194
3.776,0,-0.0130952,2.41249,0.0490874
3.778,0,-0.012793,2.41249,0.0552233
3.78,0,-0.012793,2.25402,0.0582913
3.782,0,-0.013196,2.2734,0.0644272
3.784,0,-0.0118864,2.2734,0.0674952
3.786,0,-0.0115842,2.1003,0.0705631
3.788,0,-0.0114835,2.10127,0.0736311
3.79,0,-0.0108791,2.10127,0.079767
3.792,0,-0.0103755,2.10127,0.082835
3.794,0,-0.0095696,1.88599,0.0859029
3.796,0,-0.0095696,1.88599,0.0889709
3.798,0,-0.00836081,1.88599,0.0920388
3.8,0,-0.00876374,1.80938,0.0951068
3.802,0,-0.00876374,1.63516,0.0981748
3.804,0,-0.00815934,1.63516,0.101243
3.806,0,-0.00785714,1.63516,0.101243
3.808,0,-0.00695055,1.63516,0.104311
3.81,0,-0.00664835,1.41935,0.107379
3.812,0,-0.00604396,1.33896,0.110447
3.814,0,-0.00574176,1.33896,0.110447
3.816,0,-0.0049359,1.33896,0.113515
3.818,0,-0.00372711,1.33896,0.113515
3.82,0,-0.00443223,1.33896,0.116583
3.822,0,-0.00312271,1.21531,0.116583
3.824,0,-0.00332418,1.01497,0.116583
3.826,0,-0.00241758,0.870696,0.119651
3.828,0,-0.00231685,0.762619,0.119651
3.83,0,-0.00120879,0.678371,0.119651
3.832,0,-0.00191392,0.934889,0.122718
3.834,0,-0.00040293,0.934889,0.122718
3.836,0,-0.000503663,0.934889,0.122718
3.838,0,-0.000100733,0.934889,0.122718
3.84,0,0.000805861,0.934889,0.122718
3.842,0,0.000604396,0.934889,0.122718
3.844,0,0.00161172,0.934889,0.122718
3.846,0,0.00221612,0.832698,0.122718
3.848,0,0.00251832,0.733332,0.122718
3.85,0,0.00292125,-0.65488,0.119651
3.852,0,0.00261905,-0.591914,0.119651
3.854,0,0.00312271,-0.539858,0.119651
3.856,0,0.00312271,-0.496231,0.119651
3.858,0,0.00413004,-0.459053,0.116583
3.86,0,0.00453297,-0.427185,0.116583
3.862,0,0.00473443,-0.413478,0.113515
3.864,0,0.0049359,-0.413478,0.113515
3.866,0,0.0052381,-0.413478,0.110447
3.868,0,0.00594322,-0.413478,0.110447
3.87,0,0.00614469,-0.413478,0.107379
3.872,0,0.00614469,-0.413478,0.107379
3.874,0,0.00664835,-0.413478,0.104311
3.876,0,0.00795788,-0.622868,0.101243
3.878,0,0.00654762,-0.622868,0.0981748
3.88,0,0.00785714,-0.622868,0.0981748
3.882,0,0.00815934,-0.622868,0.0951068
3.884,0,0.00906593,-0.622868,0.0920388
3.886,0,0.00846154,-1.09235,0.0889709
3.888,0,0.00916667,-1.09235,0.0859029
3.89,0,0.00997253,-1.09235,0.082835
3.892,0,0.00987179,-1.09235,0.079767
3.894,0,0.0107784,-1.39545,0.076699
3.896,0,0.0105769,-1.39545,0.0736311
3.898,0,0.0108791,-1.39545,0.0705631
3.9,0,0.011685,-1.63439,0.0644272
3.902,0,0.0123901,-1.63439,0.0613592
3.904,0,0.0119872,-1.63439,0.0582913
3.906,0,0.0125916,-1.63439,0.0552233
3.908,0,0.0133974,-1.83505,0.0490874
3.91,0,0.0124908,-1.83505,0.0460194
3.912,0,0.0134982,-1.83505,0.0429515
3.914,0,0.0140018,-2.00747,0.0368155
3.916,0,0.0135989,-2.00747,0.0337476
3.918,0,0.0142033,-2.16982,0.0276117
3.92,0,0.0148077,-2.16982,0.0245437
3.922,0,0.014707,-2.16982,0.0184078
3.924,0,0.0151099,-2.30128,0.0153398
3.926,0,0.0152106,-2.30128,0.00920388
3.928,0,0.015815,-2.40304,0.00306796
3.93,0,0.0169231,-2.40304,0
3.932,0,0.0165201,-2.40304,-0.00613592
3.934,0,0.0161172,-2.50582,-0.0122718
3.936,0,0.0162179,-2.50582,-0.0153398
3.938,0,0.0154121,-2.59626,-0.0214757
3.94,0,0.0163187,-2.59626,-0.0276117
3.942,0,0.0160165,-2.64683,-0.0337476
3.944,0,0.0164194,-2.64683,-0.0368155
3.946,0,0.0170238,-2.64683,-0.0429515
3.948,0,0.0164194,-2.6906,-0.0490874
3.95,0,0.0166209,-2.6906,-0.0552233
3.952,0,0.0163187,-2.72545,-0.0582913
3.954,0,0.0171245,-2.72545,-0.0644272
3.956,0,0.0171245,-2.73112,-0.0705631
3.958,0,0.0170238,-2.73112,-0.076699
3.96,0,0.0166209,-2.72685,-0.082835
3.962,0,0.0164194,-2.72685,-0.0859029
3.964,0,0.0165201,-2.72685,-0.0920388
3.966,0,0.0166209,-2.70221,-0.0981748
3.968,0,0.0162179,-2.70221,-0.101243
3.97,0,0.0162179,-2.65462,-0.107379
3.972,0,0.0162179,-2.65462,-0.113515
3.974,0,0.0160165,-2.59519,-0.119651
3.976,0,0.0155128,-2.59519,-0.122718
3.978,0,0.0157143,-2.59519,-0.128854
3.98,0,0.0154121,-2.5186,-0.131922
3.982,0,0.0149084,-2.5186,-0.138058
3.984,0,0.0144048,-2.40174,-0.141126
3.986,0,0.0142033,-2.41041,-0.147262
3.988,0,0.014304,-2.41041,-0.15033
3.99,0,0.0133974,-2.2878,-0.156466
3.992,0,0.013196,-2.2878,-0.159534
3.994,0,0.012793,-2.2878,-0.162602
3.996,0,0.0117857,-2.14813,-0.168738
3.998,0,0.0117857,-2.14813,-0.171806
4,0,0.0109799,-2.14813,-0.174874
4.002,0,0.0115842,-1.90336,-0.177942
4.004,0,0.0113828,-1.96929,-0.184078
4.006,0,0.0100733,-1.96929,-0.187146
4.008,0,0.0105769,-1.96929,-0.190214
4.01,0,0.00997253,-1.769,-0.193282
4.012,0,0.00876374,-1.769,-0.19635
4.014,0,0.00886447,-1.769,-0.199418
4.016,0,0.00846154,-1.769,-0.199418
4.018,0,0.00836081,-1.43566,-0.202485
4.02,0,0.00705128,-1.52958,-0.205553
4.022,0,0.00705128,-1.52958,-0.208621
4.024,0,0.00715201,-1.52958,-0.211689
4.026,0,0.00664835,-1.52958,-0.211689
4.028,0,0.00614469,-1.25913,-0.214757
4.03,0,0.00574176,-1.23029,-0.217825
4.032,0,0.00533883,-1.23029,-0.217825
4.034,0,0.00473443,-1.23029,-0.220893
4.036,0,0.00413004,-1.23029,-0.220893
4.038,0,0.0043315,-1.23029,-0.220893
4.04,0,0.00362637,-1.20989,-0.223961
4.042,0,0.00332418,-1.01077,-0.223961
4.044,0,0.00322344,-0.867981,-0.223961
4.046,0,0.00332418,-0.760102,-0.227029
4.048,0,0.00261905,-0.676546,-0.227029
4.05,0,0.00231685,-0.6093,-0.227029
4.052,0,0.00120879,-0.554183,-0.227029
4.054,0,0.00040293,-0.508318,-0.227029
4.056,0,0.000705128,-0.469578,-0.227029
4.058,0,-0.00040293,-0.436097,-0.227029
4.06,0,-0.000503663,-0.40721,-0.227029
4.062,0,-0.000705128,-0.381809,-0.227029
4.064,0,-0.000302198,-0.359497,-0.227029
4.066,0,-0.000705128,-0.339565,-0.227029
4.068,0,-0.00181319,-0.321729,-0.227029
4.07,0,-0.00251832,0.305709,-0.223961
4.072,0,-0.00231685,0.291236,-0.223961
4.074,0,-0.00231685,0.277995,-0.223961
4.076,0,-0.00362637,0.811181,-0.220893
4.078,0,-0.00423077,0.811181,-0.220893
4.08,0,-0.00392857,0.811181,-0.217825
4.082,0,-0.00362637,0.811181,-0.217825
4.084,0,-0.0049359,0.811181,-0.214757
4.086,0,-0.00674908,0.811181,-0.214757
4.088,0,-0.00604396,0.811181,-0.211689
4.09,0,-0.00634615,0.788632,-0.211689
4.092,0,-0.00695055,0.273728,-0.208621
4.094,0,-0.00684982,0.273728,-0.205553
4.096,0,-0.00735348,0.273728,-0.205553
4.098,0,-0.00755495,0.273728,-0.202485
4.1,0,-0.00795788,0.273728,-0.199418
4.102,0,-0.00815934,0.998637,-0.19635
4.104,0,-0.00876374,0.998637,-0.193282
4.106,0,-0.0089652,0.998637,-0.190214
4.108,0,-0.0095696,0.998637,-0.187146
4.11,0,-0.00936813,1.2943,-0.184078
4.112,0,-0.0100733,1.2943,-0.18101
4.114,0,-0.00987179,1.2943,-0.177942
4.116,0,-0.00967033,1.2943,-0.174874
4.118,0,-0.0110806,1.52046,-0.171806
4.12,0,-0.0108791,1.52046,-0.168738
4.122,0,-0.0112821,1.52046,-0.16567
4.124,0,-0.0115842,1.52046,-0.162602
4.126,0,-0.011685,1.70492,-0.156466
4.128,0,-0.0124908,1.70492,-0.153398
4.13,0,-0.0118864,1.70492,-0.15033
4.132,0,-0.0120879,1.85437,-0.147262
4.134,0,-0.0125916,1.85437,-0.141126
4.136,0,-0.012793,1.85437,-0.138058
4.138,0,-0.013196,1.97672,-0.13499
4.14,0,-0.0134982,1.97672,-0.128854
4.142,0,-0.0138004,1.97672,-0.125786
4.144,0,-0.0142033,2.08471,-0.119651
4.146,0,-0.0132967,2.08471,-0.116583
4.148,0,-0.0139011,2.15925,-0.110447
4.15,0,-0.0145055,2.15925,-0.107379
4.152,0,-0.0140018,2.15925,-0.104311
4.154,0,-0.0139011,2.21709,-0.0981748
4.156,0,-0.0141026,2.21709,-0.0951068
4.158,0,-0.0140018,2.21709,-0.0889709
4.16,0,-0.0136996,2.26249,-0.0859029
4.162,0,-0.0141026,2.26249,-0.079767
4.164,0,-0.0139011,2.26249,-0.076699
4.166,0,-0.0145055,2.27868,-0.0705631
4.168,0,-0.0138004,2.27868,-0.0674952
4.17,0,-0.0135989,2.27159,-0.0613592
4.172,0,-0.0135989,2.27159,-0.0582913
4.174,0,-0.0138004,2.27159,-0.0521553
4.176,0,-0.0132967,2.25381,-0.0490874
4.178,0,-0.0128938,2.25381,-0.0429515
4.18,0,-0.0125916,2.25381,-0.0398835
4.182,0,-0.0130952,2.21016,-0.0368155
4.184,0,-0.0123901,2.21016,-0.0306796
4.186,0,-0.0121886,2.21016,-0.0276117
4.188,0,-0.0124908,2.14545,-0.0245437
4.19,0,-0.011685,2.14545,-0.0184078
4.192,0,-0.0122894,2.14545,-0.0153398
4.194,0,-0.0126923,2.06768,-0.0122718
4.196,0,-0.0124908,2.06768,-0.00613592
4.198,0,-0.0126923,2.06768,-0.00306796
4.2,0,-0.0107784,1.94776,0
4.202,0,-0.0102747,1.94776,0.00306796
4.204,0,-0.0104762,1.94776,0.00613592
4.206,0,-0.010174,1.76486,0.00920388
4.208,0,-0.00967033,1.81025,0.0122718
4.21,0,-0.00977106,1.81025,0.0153398
4.212,0,-0.0095696,1.81025,0.0184078
4.214,0,-0.00886447,1.55558,0.0214757
4.216,0,-0.00876374,1.64947,0.0245437
4.218,0,-0.00856227,1.64947,0.0276117
4.22,0,-0.00775641,1.64947,0.0306796
4.222,0,-0.00805861,1.5452,0.0337476
4.224,0,-0.00795788,1.43571,0.0368155
4.226,0,-0.00745421,1.43571,0.0368155
4.228,0,-0.00684982,1.43571,0.0398835
4.23,0,-0.00664835,1.43571,0.0429515
4.232,0,-0.00543956,1.4173,0.0429515
4.234,0,-0.00513736,1.1507,0.0460194
4.236,0,-0.00533883,1.17099,0.0490874
4.238,0,-0.00453297,1.17099,0.0490874
4.24,0,-0.00352564,1.17099,0.0521553
4.242,0,-0.00423077,1.17099,0.0521553
4.244,0,-0.00282051,1.17099,0.0521553
4.246,0,-0.00251832,1.14824,0.0552233
4.248,0,-0.00231685,0.967034,0.0552233
4.25,0,-0.00171245,0.835724,0.0582913
4.252,0,-0.00181319,0.735418,0.0582913
4.254,0,-0.00201465,0.656608,0.0582913
4.256,0,-0.000705128,0.593315,0.0582913
4.258,0,-0.000705128,0.540856,0.0582913
4.26,0,-0.000100733,0.497084,0.0582913
4.262,0,-0.000604396,0.808887,0.0613592
4.264,0,0.000302198,0.808887,0.0613592
4.266,0,0.000604396,0.808887,0.0613592
4.268,0,0.00100733,0.808887,0.0613592
4.27,0,0.00120879,0.808887,0.0613592
4.272,0,0.00231685,0.808887,0.0582913
4.274,0,0.00261905,0.808887,0.0582913
4.276,0,0.00302198,-0.808631,0.0582913
4.278,0,0.00292125,-0.714218,0.0582913
4.28,0,0.00302198,-0.639913,0.0582913
4.282,0,0.00292125,-0.579372,0.0552233
4.284,0,0.00423077,-0.529511,0.0552233
4.286,0,0.00382784,-0.487293,0.0552233
4.288,0,0.00423077,-0.468787,0.0521553
4.29,0,0.00443223,-0.468787,0.0521553
4.292,0,0.00413004,-0.468787,0.0490874
4.294,0,0.00513736,-0.468787,0.0490874
4.296,0,0.00503663,-0.468787,0.0460194
4.298,0,0.00543956,-0.468787,0.0460194
4.3,0,0.00624542,-0.468787,0.0429515
4.302,0,0.00644689,-0.468787,0.0429515
4.304,0,0.00634615,-0.48927,0.0398835
4.306,0,0.00684982,-0.48927,0.0368155
4.308,0,0.00705128,-0.48927,0.0368155
4.31,0,0.00705128,-0.48927,0.0337476
4.312,0,0.00735348,-0.48927,0.0306796
4.314,0,0.00826007,-0.962846,0.0276117
4.316,0,0.00795788,-0.962846,0.0245437
4.318,0,0.00826007,-0.962846,0.0245437
4.32,0,0.00916667,-0.962846,0.0214757
4.322,0,0.00916667,-0.962846,0.0184078
4.324,0,0.0092674,-1.2205,0.0153398
4.326,0,0.00946886,-1.2205,0.0122718
4.328,0,0.0089652,-1.2205,0.00920388
4.33,0,0.010174,-1.2205,0.00613592
4.332,0,0.00977106,-1.40524,0.00306796
4.334,0,0.0106777,-1.40524,0
4.336,0,0.0113828,-1.40524,-0.00306796
4.338,0,0.0112821,-1.40524,-0.00613592
4.34,0,0.0102747,-1.55787,-0.00920388
4.342,0,0.0111813,-1.55787,-0.0122718
4.344,0,0.0105769,-1.55787,-0.0153398
4.346,0,0.0105769,-1.67897,-0.0214757
4.348,0,0.0104762,-1.67897,-0.0245437
4.35,0,0.0111813,-1.67897,-0.0276117
4.352,0,0.0115842,-1.67897,-0.0306796
4.354,0,0.0114835,-1.75678,-0.0337476
4.356,0,0.0107784,-1.75678,-0.0368155
4.358,0,0.011685,-1.75678,-0.0429515
4.36,0,0.011685,-1.81466,-0.0460194
4.362,0,0.0114835,-1.81466,-0.0490874
4.364,0,0.0115842,-1.81466,-0.0521553
4.366,0,0.0111813,-1.85368,-0.0582913
4.368,0,0.0114835,-1.85368,-0.0613592
4.37,0,0.0118864,-1.85368,-0.0644272
4.372,0,0.0113828,-1.85368,-0.0674952
4.374,0,0.0117857,-1.8597,-0.0705631
4.376,0,0.0112821,-1.8597,-0.076699
4.378,0,0.0109799,-1.8597,-0.079767
4.38,0,0.0107784,-1.84713,-0.082835
4.382,0,0.0105769,-1.84713,-0.0859029
4.384,0,0.0111813,-1.84713,-0.0889709
4.386,0,0.0112821,-1.78894,-0.0920388
4.388,0,0.0105769,-1.80588,-0.0981748
4.39,0,0.0104762,-1.80588,-0.101243
4.392,0,0.0109799,-1.80588,-0.104311
4.394,0,0.010174,-1.73562,-0.107379
4.396,0,0.0105769,-1.73562,-0.110447
4.398,0,0.00967033,-1.73562,-0.113515
4.4,0,0.010174,-1.73562,-0.116583
4.402,0,0.00967033,-1.64175,-0.119651
4.404,0,0.00946886,-1.64175,-0.122718
4.406,0,0.0092674,-1.64175,-0.125786
4.408,0,0.00886447,-1.64175,-0.128854
4.41,0,0.00916667,-1.51658,-0.131922
4.412,0,0.00795788,-1.51658,-0.13499
4.414,0,0.008663,-1.51658,-0.13499
4.416,0,0.00775641,-1.51658,-0.138058
4.418,0,0.00745421,-1.44998,-0.141126
4.42,0,0.00674908,-1.34498,-0.144194
4.422,0,0.00735348,-1.34498,-0.144194
4.424,0,0.00755495,-1.34498,-0.147262
4.426,0,0.00684982,-1.34498,-0.15033
4.428,0,0.00594322,-1.34498,-0.15033
4.43,0,0.00533883,-1.15196,-0.153398
4.432,0,0.00584249,-1.12324,-0.156466
4.434,0,0.00533883,-1.12324,-0.156466
4.436,0,0.0043315,-1.12324,-0.159534
4.438,0,0.00453297,-1.12324,-0.159534
4.44,0,0.00382784,-1.12324,-0.159534
4.442,0,0.00382784,-1.12324,-0.162602
4.444,0,0.00352564,-1.00207,-0.162602
4.446,0,0.00342491,-0.860945,-0.162602
4.448,0,0.00352564,-0.754889,-0.16567
4.45,0,0.00302198,-0.672286,-0.16567
4.452,0,0.00312271,-0.605973,-0.16567
4.454,0,0.00251832,-0.809076,-0.168738
4.456,0,0.00261905,-0.809076,-0.168738
4.458,0,0.00151099,-0.809076,-0.168738
4.46,0,0.00120879,-0.809076,-0.168738
4.462,0,0.00120879,-0.809076,-0.168738
